ym,ds,port,full_container_count,empty_container_count,total_container_count,full_container_teu_est,empty_container_teu_est,total_container_teu_est,out_teu,total_teu,in_teu,empty_share_count,full_share_count,empty_share_teu_est,full_share_teu_est,direction_balance_teu,direction_balance_rate
202101,2021-01-01,基隆港,69962,16157,86119,109232.5,27560,136792.5,NA,NA,NA,0.1876124896944925,0.8123875103055075,0.20147303397481586,0.7985269660251841,NA,NA
202102,2021-02-01,基隆港,50867,13786,64653,78524.5,22886.25,101410.75,NA,NA,NA,0.21323063121587552,0.7867693687841245,0.22567873721474302,0.774321262785257,NA,NA
202103,2021-03-01,基隆港,71592,14565,86157,110866.25,23629.75,134496,NA,NA,NA,0.16905184720916466,0.8309481527908353,0.17569109862003332,0.8243089013799667,NA,NA
202104,2021-04-01,基隆港,69029,16870,85899,107701.75,27841.75,135543.5,NA,NA,NA,0.19639343880603966,0.8036065611939603,0.20540822687919377,0.7945917731208062,NA,NA
202105,2021-05-01,基隆港,72098,16509,88607,112713.25,28393,141106.25,NA,NA,NA,0.18631710812915458,0.8136828918708454,0.201217167914249,0.798782832085751,NA,NA
202106,2021-06-01,基隆港,62228,18240,80468,96719.5,30289.5,127009,NA,NA,NA,0.2266739573495054,0.7733260426504946,0.23848309962286138,0.7615169003771386,NA,NA
202107,2021-07-01,基隆港,65202,16571,81773,100804,27703.5,128507.5,NA,NA,NA,0.2026463502623115,0.7973536497376885,0.21557885726514017,0.7844211427348599,NA,NA
202108,2021-08-01,基隆港,71259,17874,89133,111175.5,30107,141282.5,NA,NA,NA,0.20053178957288548,0.7994682104271146,0.2130978712862527,0.7869021287137473,NA,NA
202109,2021-09-01,基隆港,66116,18004,84120,102697.5,29957.75,132655.25,NA,NA,NA,0.21402757964812172,0.7859724203518783,0.22583161993211728,0.7741683800678827,NA,NA
202110,2021-10-01,基隆港,63383,16094,79477,99134.25,26637.25,125771.5,NA,NA,NA,0.20249883614127356,0.7975011638587264,0.21179082701565935,0.7882091729843407,NA,NA
202111,2021-11-01,基隆港,73552,17557,91109,114703.25,29472,144175.25,NA,NA,NA,0.19270324556300694,0.807296754436993,0.20441788725873547,0.7955821127412646,NA,NA
202112,2021-12-01,基隆港,74846,21230,96076,117665.25,34976.5,152641.75,NA,NA,NA,0.22097089803905243,0.7790291019609475,0.2291411098208714,0.7708588901791286,NA,NA
202201,2022-01-01,基隆港,67024,22274,89298,105467,36285.75,141752.75,NA,NA,NA,0.24943447781585254,0.7505655221841475,0.25597916089811307,0.7440208391018869,NA,NA
202202,2022-02-01,基隆港,53161,13601,66762,83818,21859.5,105677.5,NA,NA,NA,0.20372367514454331,0.7962763248554567,0.20685103262283835,0.7931489673771617,NA,NA
202203,2022-03-01,基隆港,70930,17413,88343,111078.25,28798,139876.25,NA,NA,NA,0.1971067317161518,0.8028932682838482,0.2058819849688564,0.7941180150311437,NA,NA
202204,2022-04-01,基隆港,66565,17151,83716,104885.75,28605,133490.75,NA,NA,NA,0.20487123130584356,0.7951287686941564,0.21428451034996807,0.7857154896500319,NA,NA
202205,2022-05-01,基隆港,68970,18927,87897,108516.5,31396.75,139913.25,NA,NA,NA,0.21533158128263763,0.7846684187173624,0.22440154881685617,0.7755984511831439,NA,NA
202206,2022-06-01,基隆港,71849,20643,92492,112895.5,34489,147384.5,NA,NA,NA,0.22318687021580244,0.7768131297841976,0.2340069681682945,0.7659930318317055,NA,NA
202207,2022-07-01,基隆港,71808,23445,95253,113377.5,39129.75,152507.25,NA,NA,NA,0.24613398003212497,0.7538660199678751,0.2565763266992225,0.7434236733007775,NA,NA
202208,2022-08-01,基隆港,66377,21137,87514,104649.5,35702.5,140352,NA,NA,NA,0.24152706995452156,0.7584729300454784,0.2543782774737802,0.7456217225262198,NA,NA
202209,2022-09-01,基隆港,60219,15955,76174,95401.25,27046,122447.25,NA,NA,NA,0.209454669572295,0.790545330427705,0.22087878657952711,0.7791212134204729,NA,NA
202210,2022-10-01,基隆港,61219,17232,78451,97124,28730.5,125854.5,NA,NA,NA,0.21965303182878484,0.7803469681712152,0.2282834543063617,0.7717165456936382,NA,NA
202211,2022-11-01,基隆港,65813,18563,84376,105144.25,30894,136038.25,NA,NA,NA,0.2200033184791884,0.7799966815208116,0.22709789342335704,0.7729021065766429,NA,NA
202212,2022-12-01,基隆港,65278,20578,85856,104167.25,33244.75,137412,NA,NA,NA,0.23968039508013417,0.7603196049198658,0.24193483829650977,0.7580651617034903,NA,NA
202301,2023-01-01,基隆港,49447,17227,66674,78905.5,28256.5,107162,NA,NA,NA,0.2583765785763566,0.7416234214236433,0.26368022246691925,0.7363197775330808,NA,NA
202302,2023-02-01,基隆港,56560,12961,69521,88432.75,21156.25,109589,NA,NA,NA,0.18643287639705988,0.8135671236029401,0.19305085364407013,0.8069491463559298,NA,NA
202303,2023-03-01,基隆港,65468,19582,85050,103489.5,32344.5,135834,NA,NA,NA,0.23024103468547913,0.7697589653145208,0.2381178497283449,0.7618821502716551,NA,NA
202304,2023-04-01,基隆港,64616,18061,82677,101623.75,29336.75,130960.5,NA,NA,NA,0.21845253214315952,0.7815474678568405,0.22401220215255746,0.7759877978474425,NA,NA
202305,2023-05-01,基隆港,64777,18581,83358,103625.75,30522,134147.75,NA,NA,NA,0.22290601981813382,0.7770939801818662,0.2275252473485392,0.7724747526514608,NA,NA
202306,2023-06-01,基隆港,60797,17567,78364,95349,29121.5,124470.5,NA,NA,NA,0.22417181358787197,0.775828186412128,0.2339630675541594,0.7660369324458406,NA,NA
202307,2023-07-01,基隆港,62777,19959,82736,98963.25,32628.75,131592,NA,NA,NA,0.24123718816476503,0.758762811835235,0.2479539029728251,0.752046097027175,NA,NA
202308,2023-08-01,基隆港,63248,18336,81584,99847.75,30693.25,130541,NA,NA,NA,0.22474995097077857,0.7752500490292215,0.23512344780567024,0.7648765521943297,NA,NA
202309,2023-09-01,基隆港,60518,19365,79883,95651.75,32558.75,128210.5,NA,NA,NA,0.2424170349135611,0.757582965086439,0.25394760959515794,0.7460523904048421,NA,NA
202310,2023-10-01,基隆港,59900,19196,79096,94451.5,32149.75,126601.25,NA,NA,NA,0.2426924243956711,0.7573075756043289,0.2539449649983709,0.7460550350016292,NA,NA
202311,2023-11-01,基隆港,63110,20242,83352,99433.5,33848.75,133282.25,NA,NA,NA,0.24284960168922162,0.7571503983107783,0.2539629245454665,0.7460370754545336,NA,NA
202312,2023-12-01,基隆港,65571,22027,87598,103588.75,37141.75,140730.5,NA,NA,NA,0.251455512682938,0.748544487317062,0.263921111628254,0.736078888371746,NA,NA
202401,2024-01-01,基隆港,67386,22220,89606,106945.5,38508,145453.5,70324,145454,75130,0.24797446599558065,0.7520255340044193,0.26474440285039547,0.7352555971496045,4806,0.03304137390515215
202402,2024-02-01,基隆港,44253,15520,59773,70106.5,25101.5,95208,48535,95208,46673,0.2596490054037776,0.7403509945962223,0.2636490631039409,0.7363509368960591,-1862,-0.019557180068901774
202403,2024-03-01,基隆港,65236,19081,84317,101824.75,32526,134350.75,63951,134351,70400,0.2263007459942835,0.7736992540057165,0.2420976436677875,0.7579023563322125,6449,0.04800113136485772
202404,2024-04-01,基隆港,65710,21404,87114,103445.25,35660.25,139105.5,65008,139106,74098,0.24570103542484562,0.7542989645751544,0.2563539903167021,0.743646009683298,9090,0.06534585136514601
202405,2024-05-01,基隆港,66534,24766,91300,105136.5,40753.25,145889.75,72037,145890,73853,0.2712595837897043,0.7287404162102957,0.27934279138870277,0.7206572086112972,1816,0.012447734594557544
202406,2024-06-01,基隆港,66605,24976,91581,104880.5,41855.75,146736.25,71233,146736,75503,0.27272032408469005,0.72727967591531,0.2852447844346574,0.7147552155653426,4270,0.02909988005670047
202407,2024-07-01,基隆港,62912,23284,86196,99294.75,38502,137796.75,66164,137797,71633,0.27012854424799293,0.7298714557520071,0.27941152458240126,0.7205884754175987,5469,0.03968881760851107
202408,2024-08-01,基隆港,69647,23668,93315,110445.75,38886.25,149332,71302,149332,78030,0.2536355355516262,0.7463644644483738,0.26040132054750487,0.7395986794524951,6728,0.04505397369619372
202409,2024-09-01,基隆港,61796,21260,83056,97654.25,35823.25,133477.5,65195,133478,68283,0.2559718743979965,0.7440281256020035,0.2683841846004008,0.7316158153995992,3088,0.023134898634981044
202410,2024-10-01,基隆港,59119,18652,77771,93919.5,30932.5,124852,56672,124852,68180,0.23983232824574713,0.7601676717542528,0.24775333995450613,0.7522466600454939,11508,0.09217313298945952
202411,2024-11-01,基隆港,66979,22992,89971,105665.5,39243.75,144909.25,69531,144909,75379,0.2555490102366318,0.7444509897633682,0.2708160452145049,0.729183954785495,5848,0.04035636157864591
202412,2024-12-01,基隆港,69836,24942,94778,110413,42374,152787,72624,152787,80163,0.2631623372512608,0.7368376627487392,0.27734034963707643,0.7226596503629236,7539,0.049343203283001826
202501,2025-01-01,基隆港,56424,23417,79841,89892.5,38921.25,128813.75,63113,128814,65701,0.2932954246565048,0.7067045753434952,0.3021513619469971,0.6978486380530029,2588,0.020090983899265606
202502,2025-02-01,基隆港,49407,15765,65172,77957,27035.75,104992.75,50550,104993,54443,0.24189836125943656,0.7581016387405635,0.2575011131721,0.7424988868279,3893,0.03707866238701628
202503,2025-03-01,基隆港,62850,22701,85551,98550,37531.75,136081.75,62903,136082,73179,0.26535049268857175,0.7346495073114283,0.2758029640271381,0.7241970359728619,10276,0.07551329345541659
202504,2025-04-01,基隆港,63428,23368,86796,100156.25,38872.5,139028.75,64979,139029,74050,0.2692289967279598,0.7307710032720401,0.27960044235454895,0.720399557645451,9071,0.06524538046019177
202505,2025-05-01,基隆港,62443,24789,87232,99014,42241.5,141255.5,67617,141256,73639,0.2841732391782832,0.7158267608217168,0.2990432230957379,0.7009567769042622,6022,0.042631817409525964
202506,2025-06-01,基隆港,61434,23996,85430,97115.75,39653.75,136769.5,64614,136770,72156,0.2808849350345312,0.7191150649654688,0.2899312346685482,0.7100687653314518,7542,0.05514367185786356
202507,2025-07-01,基隆港,61794,23158,84952,97299.75,38647,135946.75,63106,135947,72841,0.2726009982107543,0.7273990017892457,0.28428042597561176,0.7157195740243882,9735,0.07160878871913319
202508,2025-08-01,基隆港,63653,23045,86698,101232.75,37879.25,139112,64861,139112,74252,0.26580774643013677,0.7341922535698632,0.2722931882224395,0.7277068117775606,9391,0.06750675714532176
202509,2025-09-01,基隆港,60158,23806,83964,95507.75,39485.75,134993.5,63510,134994,71484,0.28352627316468965,0.7164737268353104,0.29250112042431675,0.7074988795756832,7974,0.05906929196853194
202510,2025-10-01,基隆港,57903,18782,76685,92705.5,31424.25,124129.75,55940,124130,68190,0.24492403990350134,0.7550759600964987,0.25315647538160674,0.7468435246183932,12250,0.098686860549424
202511,2025-11-01,基隆港,63174,21831,85005,99770.75,36817.5,136588.25,62319,136588,74269,0.2568201870478207,0.7431798129521793,0.2695510045703053,0.7304489954296948,11950,0.087489384133306
202512,2025-12-01,基隆港,65764,24732,90496,104634.25,41217.25,145851.5,66893,145852,78959,0.27329384724186706,0.726706152758133,0.28259736787074524,0.7174026321292547,12066,0.08272769656912486
202601,2026-01-01,基隆港,64364,26322,90686,103341.75,42946.75,146288.5,69056,146289,77233,0.2902542840129678,0.7097457159870322,0.29357570827508656,0.7064242917249134,8177,0.05589620545632276
202602,2026-02-01,基隆港,47181,18967,66148,75305.75,32070.5,107376.25,52651,107376,54726,0.2867358045594727,0.7132641954405273,0.2986740550168217,0.7013259449831784,2075,0.019324616301594398
202603,2026-03-01,基隆港,63521,19255,82776,100621,31699.5,132320.5,60342,132321,71978,0.2326157340291872,0.7673842659708128,0.23956605363492428,0.7604339463650757,11636,0.08793766673468308
202604,2026-04-01,基隆港,63463,23698,87161,100956.75,39314.75,140271.5,64458,140272,75814,0.27188765617650096,0.7281123438234991,0.2802761074059948,0.7197238925940052,11356,0.08095699783278203
202101,2021-01-01,安平港,0,0,0,0,0,0,NA,NA,NA,NA,NA,NA,NA,NA,NA
202102,2021-02-01,安平港,0,0,0,0,0,0,NA,NA,NA,NA,NA,NA,NA,NA,NA
202103,2021-03-01,安平港,0,0,0,0,0,0,NA,NA,NA,NA,NA,NA,NA,NA,NA
202104,2021-04-01,安平港,0,0,0,0,0,0,NA,NA,NA,NA,NA,NA,NA,NA,NA
202105,2021-05-01,安平港,7,0,7,7,0,7,NA,NA,NA,0,1,0,1,NA,NA
202106,2021-06-01,安平港,0,0,0,0,0,0,NA,NA,NA,NA,NA,NA,NA,NA,NA
202107,2021-07-01,安平港,0,0,0,0,0,0,NA,NA,NA,NA,NA,NA,NA,NA,NA
202108,2021-08-01,安平港,18,0,18,36,0,36,NA,NA,NA,0,1,0,1,NA,NA
202109,2021-09-01,安平港,18,0,18,36,0,36,NA,NA,NA,0,1,0,1,NA,NA
202110,2021-10-01,安平港,4,0,4,8,0,8,NA,NA,NA,0,1,0,1,NA,NA
202111,2021-11-01,安平港,32,0,32,64,0,64,NA,NA,NA,0,1,0,1,NA,NA
202112,2021-12-01,安平港,112,8,120,214,16,230,NA,NA,NA,0.06666666666666667,0.9333333333333333,0.06956521739130435,0.9304347826086956,NA,NA
202201,2022-01-01,安平港,0,0,0,0,0,0,NA,NA,NA,NA,NA,NA,NA,NA,NA
202202,2022-02-01,安平港,59,25,84,98,50,148,NA,NA,NA,0.2976190476190476,0.7023809523809523,0.33783783783783783,0.6621621621621622,NA,NA
202203,2022-03-01,安平港,163,18,181,229,18,247,NA,NA,NA,0.09944751381215469,0.9005524861878453,0.0728744939271255,0.9271255060728745,NA,NA
202204,2022-04-01,安平港,33,10,43,66,20,86,NA,NA,NA,0.23255813953488372,0.7674418604651163,0.23255813953488372,0.7674418604651163,NA,NA
202205,2022-05-01,安平港,89,11,100,139,20,159,NA,NA,NA,0.11,0.89,0.12578616352201258,0.8742138364779874,NA,NA
202206,2022-06-01,安平港,29,39,68,58,39,97,NA,NA,NA,0.5735294117647058,0.4264705882352941,0.4020618556701031,0.5979381443298969,NA,NA
202207,2022-07-01,安平港,74,27,101,102,53,155,NA,NA,NA,0.26732673267326734,0.7326732673267327,0.3419354838709677,0.6580645161290323,NA,NA
202208,2022-08-01,安平港,129,46,175,222,56,278,NA,NA,NA,0.26285714285714284,0.7371428571428571,0.2014388489208633,0.7985611510791367,NA,NA
202209,2022-09-01,安平港,78,94,172,120,124,244,NA,NA,NA,0.5465116279069767,0.45348837209302323,0.5081967213114754,0.4918032786885246,NA,NA
202210,2022-10-01,安平港,44,20,64,52,40,92,NA,NA,NA,0.3125,0.6875,0.43478260869565216,0.5652173913043478,NA,NA
202211,2022-11-01,安平港,107,56,163,173,56,229,NA,NA,NA,0.34355828220858897,0.656441717791411,0.2445414847161572,0.7554585152838428,NA,NA
202212,2022-12-01,安平港,182,53,235,292,85,377,NA,NA,NA,0.225531914893617,0.774468085106383,0.22546419098143236,0.7745358090185677,NA,NA
202301,2023-01-01,安平港,132,77,209,192,82,274,NA,NA,NA,0.3684210526315789,0.631578947368421,0.29927007299270075,0.7007299270072993,NA,NA
202302,2023-02-01,安平港,48,48,96,60,60,120,NA,NA,NA,0.5,0.5,0.5,0.5,NA,NA
202303,2023-03-01,安平港,122,108,230,171,149,320,NA,NA,NA,0.46956521739130436,0.5304347826086957,0.465625,0.534375,NA,NA
202304,2023-04-01,安平港,116,138,254,124,168,292,NA,NA,NA,0.5433070866141733,0.4566929133858268,0.5753424657534246,0.4246575342465753,NA,NA
202305,2023-05-01,安平港,51,74,125,66,112,178,NA,NA,NA,0.592,0.408,0.6292134831460674,0.3707865168539326,NA,NA
202306,2023-06-01,安平港,107,72,179,107,72,179,NA,NA,NA,0.4022346368715084,0.5977653631284916,0.4022346368715084,0.5977653631284916,NA,NA
202307,2023-07-01,安平港,40,0,40,80,0,80,NA,NA,NA,0,1,0,1,NA,NA
202308,2023-08-01,安平港,52,113,165,68,155,223,NA,NA,NA,0.6848484848484848,0.3151515151515151,0.695067264573991,0.30493273542600896,NA,NA
202309,2023-09-01,安平港,52,18,70,68,36,104,NA,NA,NA,0.2571428571428571,0.7428571428571429,0.34615384615384615,0.6538461538461539,NA,NA
202310,2023-10-01,安平港,39,60,99,78,84,162,NA,NA,NA,0.6060606060606061,0.3939393939393939,0.5185185185185185,0.48148148148148145,NA,NA
202311,2023-11-01,安平港,45,8,53,90,16,106,NA,NA,NA,0.1509433962264151,0.8490566037735849,0.1509433962264151,0.8490566037735849,NA,NA
202312,2023-12-01,安平港,48,13,61,60,26,86,NA,NA,NA,0.21311475409836064,0.7868852459016393,0.3023255813953488,0.6976744186046512,NA,NA
202401,2024-01-01,安平港,15,54,69,30,72,102,NA,NA,NA,0.782608695652174,0.21739130434782608,0.7058823529411765,0.29411764705882354,NA,NA
202402,2024-02-01,安平港,86,76,162,132,116,248,NA,NA,NA,0.4691358024691358,0.5308641975308642,0.46774193548387094,0.532258064516129,NA,NA
202403,2024-03-01,安平港,9,48,57,18,56,74,NA,NA,NA,0.8421052631578947,0.15789473684210525,0.7567567567567568,0.24324324324324326,NA,NA
202404,2024-04-01,安平港,12,13,25,24,26,50,NA,NA,NA,0.52,0.48,0.52,0.48,NA,NA
202405,2024-05-01,安平港,38,0,38,76,0,76,NA,NA,NA,0,1,0,1,NA,NA
202406,2024-06-01,安平港,25,23,48,50,46,96,NA,NA,NA,0.4791666666666667,0.5208333333333334,0.4791666666666667,0.5208333333333334,NA,NA
202407,2024-07-01,安平港,13,11,24,26,22,48,NA,NA,NA,0.4583333333333333,0.5416666666666666,0.4583333333333333,0.5416666666666666,NA,NA
202408,2024-08-01,安平港,123,54,177,138,54,192,NA,NA,NA,0.3050847457627119,0.6949152542372882,0.28125,0.71875,NA,NA
202409,2024-09-01,安平港,90,66,156,126,78,204,NA,NA,NA,0.4230769230769231,0.5769230769230769,0.38235294117647056,0.6176470588235294,NA,NA
202410,2024-10-01,安平港,12,0,12,24,0,24,NA,NA,NA,0,1,0,1,NA,NA
202411,2024-11-01,安平港,20,105,125,40,120,160,NA,NA,NA,0.84,0.16,0.75,0.25,NA,NA
202412,2024-12-01,安平港,168,131,299,226,156,382,NA,NA,NA,0.43812709030100333,0.5618729096989966,0.4083769633507853,0.5916230366492147,NA,NA
202501,2025-01-01,安平港,108,74,182,157,91,248,NA,NA,NA,0.4065934065934066,0.5934065934065934,0.36693548387096775,0.6330645161290323,NA,NA
202502,2025-02-01,安平港,117,213,330,180,276,456,NA,NA,NA,0.6454545454545455,0.35454545454545455,0.6052631578947368,0.39473684210526316,NA,NA
202503,2025-03-01,安平港,92,66,158,128,85,213,NA,NA,NA,0.4177215189873418,0.5822784810126582,0.39906103286384975,0.6009389671361502,NA,NA
202504,2025-04-01,安平港,110,116,226,110,124,234,NA,NA,NA,0.5132743362831859,0.48672566371681414,0.5299145299145299,0.4700854700854701,NA,NA
202505,2025-05-01,安平港,9,51,60,18,102,120,NA,NA,NA,0.85,0.15,0.85,0.15,NA,NA
202506,2025-06-01,安平港,16,5,21,32,10,42,NA,NA,NA,0.23809523809523808,0.7619047619047619,0.23809523809523808,0.7619047619047619,NA,NA
202507,2025-07-01,安平港,17,0,17,33,0,33,NA,NA,NA,0,1,0,1,NA,NA
202508,2025-08-01,安平港,56,19,75,112,37,149,NA,NA,NA,0.25333333333333335,0.7466666666666667,0.24832214765100671,0.7516778523489933,NA,NA
202509,2025-09-01,安平港,63,22,85,126,44,170,NA,NA,NA,0.25882352941176473,0.7411764705882353,0.25882352941176473,0.7411764705882353,NA,NA
202510,2025-10-01,安平港,78,62,140,156,124,280,NA,NA,NA,0.44285714285714284,0.5571428571428572,0.44285714285714284,0.5571428571428572,NA,NA
202511,2025-11-01,安平港,35,30,65,70,59,129,NA,NA,NA,0.46153846153846156,0.5384615384615384,0.4573643410852713,0.5426356589147286,NA,NA
202512,2025-12-01,安平港,68,30,98,136,60,196,NA,NA,NA,0.30612244897959184,0.6938775510204082,0.30612244897959184,0.6938775510204082,NA,NA
202601,2026-01-01,安平港,48,45,93,96,90,186,NA,NA,NA,0.4838709677419355,0.5161290322580645,0.4838709677419355,0.5161290322580645,NA,NA
202602,2026-02-01,安平港,16,13,29,32,26,58,NA,NA,NA,0.4482758620689655,0.5517241379310345,0.4482758620689655,0.5517241379310345,NA,NA
202603,2026-03-01,安平港,13,23,36,26,46,72,NA,NA,NA,0.6388888888888888,0.3611111111111111,0.6388888888888888,0.3611111111111111,NA,NA
202604,2026-04-01,安平港,11,0,11,22,0,22,NA,NA,NA,0,1,0,1,NA,NA
202101,2021-01-01,港口別總計,720707,128936,849643,1109393.25,199490,1308883.25,NA,NA,NA,0.15175314808690238,0.8482468519130976,0.15241237138606517,0.8475876286139348,NA,NA
202102,2021-02-01,港口別總計,615315,113004,728319,949905.5,168361.25,1118266.75,NA,NA,NA,0.155157286848208,0.844842713151792,0.1505555360561333,0.8494444639438667,NA,NA
202103,2021-03-01,港口別總計,741887,125806,867693,1144151.25,199059.5,1343210.75,NA,NA,NA,0.14498906871439554,0.8550109312856045,0.14819677403564557,0.8518032259643544,NA,NA
202104,2021-04-01,港口別總計,717723,123560,841283,1110162,193787,1303949,NA,NA,NA,0.14687091026444132,0.8531290897355587,0.14861547499173663,0.8513845250082633,NA,NA
202105,2021-05-01,港口別總計,742807,121777,864584,1155681.75,185653.5,1341335.25,NA,NA,NA,0.14085039741656102,0.859149602583439,0.13840946922106162,0.8615905307789383,NA,NA
202106,2021-06-01,港口別總計,704730,130866,835596,1098217.5,203325.5,1301543,NA,NA,NA,0.15661396177099937,0.8433860382290006,0.15621881105733734,0.8437811889426626,NA,NA
202107,2021-07-01,港口別總計,720934,115388,836322,1122666.5,180903,1303569.5,NA,NA,NA,0.13797078158890955,0.8620292184110905,0.13877510942070984,0.8612248905792902,NA,NA
202108,2021-08-01,港口別總計,720948,113305,834253,1127427.75,176488.5,1303916.25,NA,NA,NA,0.13581611333732094,0.8641838866626791,0.13535263480304047,0.8646473651969595,NA,NA
202109,2021-09-01,港口別總計,696351,113162,809513,1089747,180589,1270336,NA,NA,NA,0.1397902195517552,0.8602097804482448,0.14215845256687995,0.85784154743312,NA,NA
202110,2021-10-01,港口別總計,693343,119024,812367,1078779,189379.25,1268158.25,NA,NA,NA,0.14651506031141098,0.8534849396885891,0.14933408350259125,0.8506659164974087,NA,NA
202111,2021-11-01,港口別總計,701993,123079,825072,1102009.5,194845,1296854.5,NA,NA,NA,0.14917364787557935,0.8508263521244207,0.15024430265692876,0.8497556973430712,NA,NA
202112,2021-12-01,港口別總計,715545,110416,825961,1120384,174231.5,1294615.5,NA,NA,NA,0.13368185664940596,0.866318143350594,0.13458165764275185,0.8654183423572481,NA,NA
202201,2022-01-01,港口別總計,685389,121427,806816,1082924.25,189946.75,1272871,NA,NA,NA,0.15050147741244596,0.8494985225875541,0.14922702300547344,0.8507729769945266,NA,NA
202202,2022-02-01,港口別總計,594644,96094,690738,935195.5,153453.5,1088649,NA,NA,NA,0.1391178710306947,0.8608821289693053,0.14095773752605292,0.8590422624739471,NA,NA
202203,2022-03-01,港口別總計,718780,126471,845251,1128427,196500.75,1324927.75,NA,NA,NA,0.14962537755057373,0.8503746224494263,0.14831053995208418,0.8516894600479158,NA,NA
202204,2022-04-01,港口別總計,680528,120423,800951,1072159.75,188266.75,1260426.5,NA,NA,NA,0.15035002141204643,0.8496499785879535,0.1493674958436688,0.8506325041563312,NA,NA
202205,2022-05-01,港口別總計,678808,121434,800242,1065007.5,192830.75,1257838.25,NA,NA,NA,0.151746596654512,0.848253403345488,0.15330329634990827,0.8466967036500918,NA,NA
202206,2022-06-01,港口別總計,710031,124200,834231,1124169.75,196963.5,1321133.25,NA,NA,NA,0.14887962686594,0.85112037313406,0.1490867783397322,0.8509132216602678,NA,NA
202207,2022-07-01,港口別總計,699851,127572,827423,1103606.5,203931.5,1307538,NA,NA,NA,0.15417990556220942,0.8458200944377906,0.15596602163761206,0.8440339783623879,NA,NA
202208,2022-08-01,港口別總計,655631,130435,786066,1034261,206795.25,1241056.25,NA,NA,NA,0.16593390376889472,0.8340660962311053,0.16662842639082637,0.8333715736091737,NA,NA
202209,2022-09-01,港口別總計,589408,115373,704781,930224.75,181367.75,1111592.5,NA,NA,NA,0.16370049703383036,0.8362995029661696,0.16316028580617448,0.8368397141938255,NA,NA
202210,2022-10-01,港口別總計,610957,113715,724672,953010.5,179108.5,1132119,NA,NA,NA,0.15691926830345315,0.8430807316965468,0.15820642529628068,0.8417935747037193,NA,NA
202211,2022-11-01,港口別總計,633180,124332,757512,995070.25,195526,1190596.25,NA,NA,NA,0.16413205335361025,0.8358679466463897,0.16422527788072572,0.8357747221192743,NA,NA
202212,2022-12-01,港口別總計,635229,116664,751893,1003230.5,179817.75,1183048.25,NA,NA,NA,0.15516037521296247,0.8448396247870376,0.15199527998963694,0.8480047200103631,NA,NA
202301,2023-01-01,港口別總計,552255,114862,667117,873202,181117.25,1054319.25,NA,NA,NA,0.1721766946427688,0.8278233053572311,0.17178596520930448,0.8282140347906956,NA,NA
202302,2023-02-01,港口別總計,557928,101143,659071,870232.75,157896.75,1028129.5,NA,NA,NA,0.15346298046796172,0.8465370195320383,0.15357671382836502,0.846423286171635,NA,NA
202303,2023-03-01,港口別總計,649875,115777,765652,1022862.75,178142,1201004.75,NA,NA,NA,0.15121360618139834,0.8487863938186017,0.14832747330932705,0.851672526690673,NA,NA
202304,2023-04-01,港口別總計,612417,106549,718966,964329.25,163409,1127738.25,NA,NA,NA,0.1481975503709494,0.8518024496290506,0.14489975843241992,0.85510024156758,NA,NA
202305,2023-05-01,港口別總計,650720,112539,763259,1035308.25,175091.25,1210399.5,NA,NA,NA,0.14744536258334326,0.8525546374166567,0.14465575208846335,0.8553442479115366,NA,NA
202306,2023-06-01,港口別總計,605949,97547,703496,956014,156227.5,1112241.5,NA,NA,NA,0.13866034774895664,0.8613396522510434,0.14046185113574705,0.859538148864253,NA,NA
202307,2023-07-01,港口別總計,591440,101290,692730,928347,162560,1090907,NA,NA,NA,0.14621858444126862,0.8537814155587314,0.14901361894276963,0.8509863810572303,NA,NA
202308,2023-08-01,港口別總計,632644,108385,741029,996845.5,171882.75,1168728.25,NA,NA,NA,0.14626283181899763,0.8537371681810023,0.14706819142944477,0.8529318085705552,NA,NA
202309,2023-09-01,港口別總計,632943,106095,739038,997971.25,168617,1166588.25,NA,NA,NA,0.14355824734316774,0.8564417526568323,0.14453857219974572,0.8554614278002542,NA,NA
202310,2023-10-01,港口別總計,607468,104828,712296,957828.75,165765,1123593.75,NA,NA,NA,0.14716915439648687,0.8528308456035132,0.1475310805173133,0.8524689194826867,NA,NA
202311,2023-11-01,港口別總計,613007,109594,722601,964227,175040.5,1139267.5,NA,NA,NA,0.15166599548021661,0.8483340045197834,0.15364302062509463,0.8463569793749054,NA,NA
202312,2023-12-01,港口別總計,633542,109954,743496,997056.25,177014,1174070.25,NA,NA,NA,0.14788781647782906,0.8521121835221709,0.15076951315306727,0.8492304868469327,NA,NA
202401,2024-01-01,港口別總計,620883,113229,734112,978833.75,184360.25,1163194,588216,1163194,574978,0.15423940761082777,0.8457605923891722,0.1584948426487757,0.8415051573512243,-13238,-0.011380732706668019
202402,2024-02-01,港口別總計,530611,93406,624017,838424.75,149231.5,987656.25,502076,987656,485581,0.1496850246067014,0.8503149753932986,0.1510965986394558,0.8489034013605442,-16495,-0.016701159108029516
202403,2024-03-01,港口別總計,668531,108543,777074,1048694.5,178538.5,1227233,615380,1227233,611853,0.13968167767805897,0.860318322321941,0.14548052407326073,0.8545194759267393,-3527,-0.0028739448825121226
202404,2024-04-01,港口別總計,618983,104212,723195,976647,164969.75,1141616.75,560825,1141617,580792,0.14409944759020735,0.8559005524097927,0.14450536924935622,0.8554946307506438,19967,0.017490103949047712
202405,2024-05-01,港口別總計,642383,114398,756781,1016701.75,183827.5,1200529.25,596714,1200529,603815,0.15116394306939523,0.8488360569306047,0.15312205012914096,0.8468779498708591,7101,0.0059148925182148865
202406,2024-06-01,港口別總計,655778,120928,776706,1037571.5,191937.75,1229509.25,607855,1229509,621655,0.1556934026517112,0.8443065973482888,0.15610923626642093,0.8438907637335791,13800,0.011223992666991457
202407,2024-07-01,港口別總計,588953,111904,700857,926045,181736.75,1107781.75,542420,1107782,565362,0.15966737865213587,0.8403326213478641,0.16405465246200346,0.8359453475379965,22942,0.020709850855132148
202408,2024-08-01,港口別總計,671140,123301,794441,1060322.5,201015.75,1261338.25,648331,1261338,613008,0.15520472885966358,0.8447952711403364,0.15936704527909148,0.8406329547209085,-35323,-0.02800438899010416
202409,2024-09-01,港口別總計,596060,114001,710061,941149,185896,1127045,562120,1127045,564925,0.16055099491452143,0.8394490050854786,0.16494106269048708,0.835058937309513,2805,0.002488809231219694
202410,2024-10-01,港口別總計,554784,100112,654896,881103.25,163772,1044875.25,516609,1044875,528267,0.15286702010700937,0.8471329798929906,0.15673832833154006,0.8432616716684599,11658,0.01115731546835746
202411,2024-11-01,港口別總計,617038,123324,740362,975200.25,204294.75,1179495,582005,1179495,597491,0.1665725685543018,0.8334274314456982,0.17320527005201378,0.8267947299479862,15486,0.013129347729324838
202412,2024-12-01,港口別總計,655177,133500,788677,1042453,220527.5,1262980.5,620112,1262981,642869,0.16927081682361728,0.8307291831763828,0.17460879245562383,0.8253912075443762,22757,0.01801848167153742
202501,2025-01-01,港口別總計,596429,122490,718919,954255.25,202533,1156788.25,584368,1156788,572420,0.17038080785178858,0.8296191921482114,0.17508217255837444,0.8249178274416256,-11948,-0.010328599535956459
202502,2025-02-01,港口別總計,518047,114718,632765,820452.75,186794.75,1007247.5,511938,1007248,495310,0.18129637385127179,0.8187036261487282,0.18545069608015904,0.8145493039198409,-16628,-0.016508347497339284
202503,2025-03-01,港口別總計,628504,128633,757137,990490,209935,1200425,592763,1200425,607663,0.16989395578343153,0.8301060442165684,0.1748838952870858,0.8251161047129142,14900,0.012412270654143324
202504,2025-04-01,港口別總計,585335,129288,714623,919004,211204.5,1130208.5,561542,1130209,568667,0.18091777062870912,0.8190822293712908,0.18687215677461283,0.8131278432253872,7125,0.006304143746864518
202505,2025-05-01,港口別總計,613298,128317,741615,965569.75,210642.5,1176212.25,583371,1176212,592842,0.17302373873236113,0.8269762612676389,0.17908544992623568,0.8209145500737643,9471,0.008052119855944336
202506,2025-06-01,港口別總計,600797,124230,725027,958240.25,201720.25,1159960.5,583080,1159961,576881,0.17134534300101928,0.8286546569989808,0.17390268892776953,0.8260973110722305,-6199,-0.005344145191088321
202507,2025-07-01,港口別總計,583312,117077,700389,926183.25,194009,1120192.25,560465,1120192,559728,0.1671599639628835,0.8328400360371165,0.1731925926107773,0.8268074073892226,-737,-6.579229274981432e-4
202508,2025-08-01,港口別總計,609212,120516,729728,962427.5,196674,1159101.5,580444,1159102,578658,0.1651519470268374,0.8348480529731626,0.16967797902081913,0.8303220209791808,-1786,-0.0015408480012975563
202509,2025-09-01,港口別總計,548033,119521,667554,865835,199421.25,1065256.25,527177,1065256,538080,0.17904319350943892,0.820956806490561,0.1872049565538808,0.8127950434461192,10903,0.010235098417657351
202510,2025-10-01,港口別總計,558352,111628,669980,884963.5,181302,1066265.5,525851,1066266,540415,0.16661392877399325,0.8333860712260067,0.17003457394054294,0.829965426059457,14564,0.013658880617031773
202511,2025-11-01,港口別總計,564851,111282,676133,900220,185522.5,1085742.5,534993,1085743,550750,0.16458596163772513,0.8354140383622749,0.1708715464302079,0.8291284535697921,15757,0.014512642494586656
202512,2025-12-01,港口別總計,626148,126926,753074,1006514.25,212197.25,1218711.5,593139,1218712,625573,0.16854386155942178,0.8314561384405782,0.17411606438439287,0.8258839356156071,32434,0.02661334261088756
202601,2026-01-01,港口別總計,603916,126745,730661,963745.5,208293.75,1172039.25,591160,1172039,580879,0.17346621757559252,0.8265337824244074,0.17771909089222054,0.8222809091077794,-10281,-0.008771892402897856
202602,2026-02-01,港口別總計,487116,99837,586953,774895.75,161128,936023.75,482647,936024,453377,0.17009368722879004,0.82990631277121,0.17214093125307986,0.8278590687469202,-29270,-0.03127056571199029
202603,2026-03-01,港口別總計,611782,126957,738739,969484.5,210783,1180267.5,581244,1180268,599024,0.17185636605079738,0.8281436339492027,0.17858917575888517,0.8214108242411148,17780,0.015064375209698137
202604,2026-04-01,港口別總計,571675,115740,687415,901195.5,192778,1093973.5,545539,1093974,548435,0.16836990755220646,0.8316300924477935,0.17621816250576453,0.8237818374942355,2896,0.0026472292760157004
202101,2021-01-01,臺中港,94701,20415,115116,142529,29559,172088,NA,NA,NA,0.17734285416449494,0.8226571458355051,0.171766770489517,0.8282332295104831,NA,NA
202102,2021-02-01,臺中港,75142,14879,90021,113857.25,21689,135546.25,NA,NA,NA,0.16528365603581385,0.8347163439641861,0.1600118040890102,0.8399881959109898,NA,NA
202103,2021-03-01,臺中港,93160,19505,112665,140118.5,29720.75,169839.25,NA,NA,NA,0.1731238627790352,0.8268761372209648,0.17499341288895234,0.8250065871110477,NA,NA
202104,2021-04-01,臺中港,91280,18853,110133,138302.25,28212.25,166514.5,NA,NA,NA,0.17118393215475833,0.8288160678452416,0.1694281879355852,0.8305718120644148,NA,NA
202105,2021-05-01,臺中港,94733,18122,112855,144465.25,27341.25,171806.5,NA,NA,NA,0.16057773248859156,0.8394222675114085,0.15913978807553847,0.8408602119244615,NA,NA
202106,2021-06-01,臺中港,87138,19225,106363,132760,29529.75,162289.75,NA,NA,NA,0.1807489446518056,0.8192510553481944,0.1819569627779943,0.8180430372220057,NA,NA
202107,2021-07-01,臺中港,93061,16826,109887,142102,26523,168625,NA,NA,NA,0.15312093332241303,0.846879066677587,0.15728984432913268,0.8427101556708673,NA,NA
202108,2021-08-01,臺中港,95325,18897,114222,145110.25,28321.25,173431.5,NA,NA,NA,0.16544098334821664,0.8345590166517833,0.16329934296826124,0.8367006570317388,NA,NA
202109,2021-09-01,臺中港,85312,16543,101855,129900,25901.25,155801.25,NA,NA,NA,0.16241716165136713,0.8375828383486329,0.1662454569523672,0.8337545430476329,NA,NA
202110,2021-10-01,臺中港,90624,21018,111642,138038.25,33197.5,171235.75,NA,NA,NA,0.18826248186166497,0.8117375181383351,0.1938701468589357,0.8061298531410643,NA,NA
202111,2021-11-01,臺中港,87448,16723,104171,133963.75,25838.5,159802.25,NA,NA,NA,0.16053412178053392,0.839465878219466,0.16169046430823095,0.838309535691769,NA,NA
202112,2021-12-01,臺中港,93253,19080,112333,142637.5,29677,172314.5,NA,NA,NA,0.1698521360597509,0.8301478639402491,0.1722257848294833,0.8277742151705167,NA,NA
202201,2022-01-01,臺中港,82225,18579,100804,126539.5,29663.75,156203.25,NA,NA,NA,0.18430816237450895,0.815691837625491,0.18990481952200097,0.810095180477999,NA,NA
202202,2022-02-01,臺中港,75855,12219,88074,115730.75,19424,135154.75,NA,NA,NA,0.13873560869269025,0.8612643913073098,0.14371673951525937,0.8562832604847407,NA,NA
202203,2022-03-01,臺中港,89722,21970,111692,136663.5,33575.75,170239.25,NA,NA,NA,0.1967016438061813,0.8032983561938187,0.19722684398574358,0.8027731560142564,NA,NA
202204,2022-04-01,臺中港,83148,19225,102373,126528.75,29427.75,155956.5,NA,NA,NA,0.1877936565305305,0.8122063434694695,0.18869203912629484,0.8113079608737052,NA,NA
202205,2022-05-01,臺中港,87785,17521,105306,133750,27327.75,161077.75,NA,NA,NA,0.16638178261447592,0.8336182173855241,0.1696556476608346,0.8303443523391654,NA,NA
202206,2022-06-01,臺中港,83609,17257,100866,127976.5,26870,154846.5,NA,NA,NA,0.1710883746753118,0.8289116253246882,0.173526686105272,0.826473313894728,NA,NA
202207,2022-07-01,臺中港,86245,13995,100240,131930,21581.75,153511.75,NA,NA,NA,0.13961492418196328,0.8603850758180367,0.14058695832729418,0.8594130416727058,NA,NA
202208,2022-08-01,臺中港,80115,15196,95311,123811.25,24537.5,148348.75,NA,NA,NA,0.15943595177891323,0.8405640482210868,0.16540415743307577,0.8345958425669242,NA,NA
202209,2022-09-01,臺中港,67955,16730,84685,103748.25,26545,130293.25,NA,NA,NA,0.1975556473991852,0.8024443526008148,0.20373273366041603,0.796267266339584,NA,NA
202210,2022-10-01,臺中港,68688,16404,85092,103229.75,25589.25,128819,NA,NA,NA,0.19277957974897758,0.8072204202510225,0.19864499802047836,0.8013550019795217,NA,NA
202211,2022-11-01,臺中港,79468,18265,97733,121183.75,28019.5,149203.25,NA,NA,NA,0.18688672198745562,0.8131132780125444,0.18779416668202603,0.812205833317974,NA,NA
202212,2022-12-01,臺中港,77028,14914,91942,118488.75,23222.25,141711,NA,NA,NA,0.1622109590829001,0.8377890409170999,0.16387048288417977,0.8361295171158202,NA,NA
202301,2023-01-01,臺中港,60479,14530,75009,92007.5,22334,114341.5,NA,NA,NA,0.1937100881227586,0.8062899118772414,0.1953271559320107,0.8046728440679893,NA,NA
202302,2023-02-01,臺中港,69555,14444,83999,105877.5,22358,128235.5,NA,NA,NA,0.1719544280289051,0.8280455719710949,0.17435109622530423,0.8256489037746958,NA,NA
202303,2023-03-01,臺中港,77487,14651,92138,118283,22094,140377,NA,NA,NA,0.15901148277583624,0.8409885172241638,0.15739045570143256,0.8426095442985674,NA,NA
202304,2023-04-01,臺中港,72728,12291,85019,111087.5,19381.5,130469,NA,NA,NA,0.14456768487044072,0.8554323151295593,0.14855252971970354,0.8514474702802964,NA,NA
202305,2023-05-01,臺中港,72976,14137,87113,112141,22022.25,134163.25,NA,NA,NA,0.162283470894126,0.837716529105874,0.16414517388331007,0.8358548261166899,NA,NA
202306,2023-06-01,臺中港,72116,11346,83462,111834.75,18891,130725.75,NA,NA,NA,0.13594210538927895,0.864057894610721,0.1445086373572154,0.8554913626427846,NA,NA
202307,2023-07-01,臺中港,72364,13613,85977,111456.75,21661.25,133118,NA,NA,NA,0.15833304255789338,0.8416669574421066,0.16272217130666025,0.8372778286933398,NA,NA
202308,2023-08-01,臺中港,78289,14419,92708,120427.25,22439,142866.25,NA,NA,NA,0.15553134573068128,0.8444686542693187,0.1570629872345638,0.8429370127654362,NA,NA
202309,2023-09-01,臺中港,75689,13043,88732,116673.75,20719.75,137393.5,NA,NA,NA,0.1469931929856196,0.8530068070143804,0.15080589693107752,0.8491941030689225,NA,NA
202310,2023-10-01,臺中港,73051,13329,86380,113354.25,21316,134670.25,NA,NA,NA,0.15430655244269506,0.8456934475573049,0.15828291697683786,0.8417170830231622,NA,NA
202311,2023-11-01,臺中港,74385,16008,90393,114988.25,25445,140433.25,NA,NA,NA,0.17709335899903753,0.8229066410009624,0.18118928387685965,0.8188107161231404,NA,NA
202312,2023-12-01,臺中港,79086,14101,93187,121534.25,21871.25,143405.5,NA,NA,NA,0.15131939004367562,0.8486806099563243,0.15251332759203795,0.847486672407962,NA,NA
202401,2024-01-01,臺中港,80260,12744,93004,123812.25,20403.5,144215.75,74059,144216,70157,0.13702636445744268,0.8629736355425573,0.14147899934646527,0.8585210006535348,-3902,-0.02705663726632274
202402,2024-02-01,臺中港,58812,12315,71127,90783.5,19529.5,110313,55711,110313,54602,0.17314100130752036,0.8268589986924797,0.17703715790523328,0.8229628420947667,-1109,-0.010053212223400687
202403,2024-03-01,臺中港,83437,14914,98351,127372.5,25150.25,152522.75,76637,152523,75886,0.1516405527142581,0.8483594472857419,0.16489507303008896,0.835104926969911,-751,-0.004923847550861182
202404,2024-04-01,臺中港,74589,12525,87114,113720.25,19862.75,133583,65559,133583,68024,0.1437771196363386,0.8562228803636615,0.14869219885763907,0.8513078011423609,2465,0.01845294685701025
202405,2024-05-01,臺中港,76190,12501,88691,115795.75,20598.75,136394.5,69723,136395,66671,0.14095004002660924,0.8590499599733907,0.15102331838893798,0.848976681611062,-3052,-0.02237618681036695
202406,2024-06-01,臺中港,80336,12604,92940,123840.25,21650,145490.25,72351,145490,73140,0.13561437486550462,0.86438562513449535,0.14880722247710756,0.8511927775228925,789,0.005423053130799368
202407,2024-07-01,臺中港,72347,15382,87729,111072,24781.75,135853.75,66571,135854,69283,0.17533540790388583,0.8246645920961142,0.18241491309588437,0.8175850869041157,2712,0.019962606916248325
202408,2024-08-01,臺中港,75012,13942,88954,114394.25,22141,136535.25,68278,136535,68257,0.15673269330215617,0.8432673066978438,0.1621632508820982,0.8378367491179017,-21,-1.5380671622660855e-4
202409,2024-09-01,臺中港,65595,13667,79262,99506.25,21055.25,120561.5,60201,120562,60361,0.17242814968080544,0.8275718503191946,0.1746432318775065,0.8253567681224935,160,0.0013271179973789419
202410,2024-10-01,臺中港,62595,11860,74455,95509.25,19156,114665.25,56740,114665,57926,0.15929084682022698,0.840709153179773,0.16706020350542122,0.8329397964945788,1186,0.010343173592639428
202411,2024-11-01,臺中港,74191,14270,88461,113399.25,24129,137528.25,68755,137528,68773,0.16131402538971976,0.8386859746102803,0.17544758985881082,0.8245524101411892,18,1.308824384852539e-4
202412,2024-12-01,臺中港,78781,14956,93737,121094.75,24714,145808.75,70453,145809,75356,0.15955279132039643,0.8404472086796035,0.16949600075441287,0.8305039992455872,4903,0.033626182197258055
202501,2025-01-01,臺中港,68491,13247,81738,106843,22242,129085,61897,129085,67188,0.16206660304876558,0.8379333969512345,0.17230507030251385,0.8276949296974861,5291,0.040988495952279505
202502,2025-02-01,臺中港,60706,9098,69804,93043.5,15278.25,108321.75,57637,108322,50685,0.13033637040857257,0.8696636295914274,0.1410450809740426,0.8589549190259574,-6952,-0.0641790218053581
202503,2025-03-01,臺中港,78776,12356,91132,121080.5,19222.25,140302.75,71242,140303,69061,0.1355835491375148,0.8644164508624852,0.13700551129610788,0.8629944887038922,-2181,-0.015544927763483318
202504,2025-04-01,臺中港,72401,14128,86529,110528.5,23543,134071.5,66799,134072,67273,0.16327474026049071,0.8367252597395093,0.17560033265832037,0.8243996673416796,474,0.0035354138075064144
202505,2025-05-01,臺中港,77811,15346,93157,117729,25696.5,143425.5,71702,143426,71724,0.16473265562437606,0.835267344375624,0.17916270119330244,0.8208372988066975,22,1.533892041889197e-4
202506,2025-06-01,臺中港,76224,13503,89727,117004.25,22284.25,139288.5,71288,139289,68001,0.15048981911799125,0.8495101808820088,0.1599862874537381,0.8400137125462619,-3287,-0.023598417678352204
202507,2025-07-01,臺中港,69778,13847,83625,106786.25,22387,129173.25,62906,129173,66268,0.1655844544095665,0.8344155455904335,0.17330987646436086,0.8266901235356392,3362,0.02602711092875446
202508,2025-08-01,臺中港,77649,12719,90368,119341.25,20102.75,139444,70551,139444,68893,0.1407467245042493,0.8592532754957507,0.14416360689595822,0.8558363931040418,-1658,-0.01189007773729956
202509,2025-09-01,臺中港,69636,11996,81632,107362.5,19285.25,126647.75,62263,126648,64385,0.14695217561740495,0.8530478243825951,0.15227471471068377,0.8477252852893162,2122,0.016755100751689723
202510,2025-10-01,臺中港,68705,11834,80539,105492.75,18871.75,124364.5,62355,124365,62009,0.14693502526726182,0.8530649747327381,0.15174547398976396,0.848254526010236,-346,-0.002782133236843163
202511,2025-11-01,臺中港,71241,12418,83659,109564.25,19924.25,129488.5,62887,129489,66602,0.14843591245412927,0.8515640875458708,0.15386887638670615,0.8461311236132938,3715,0.028689695649823536
202512,2025-12-01,臺中港,78389,15389,93778,121601,25547.25,147148.25,73726,147148,73423,0.16410032203715158,0.8358996779628485,0.1736157242780665,0.8263842757219335,-303,-0.002059151330633104
202601,2026-01-01,臺中港,73760,12292,86052,113217.5,20407.75,133625.25,67562,133625,66064,0.14284386185097384,0.8571561381490261,0.1527237554279599,0.8472762445720401,-1498,-0.011210477081384472
202602,2026-02-01,臺中港,55223,10440,65663,85728.25,17225,102953.25,52423,102953,50531,0.15899364939159039,0.8410063506084096,0.16730894847904268,0.8326910515209573,-1892,-0.01837731780521209
202603,2026-03-01,臺中港,76705,13059,89764,118358.75,22032,140390.75,73125,140391,67266,0.14548148478231807,0.854518515217682,0.1569334161972922,0.8430665838027078,-5859,-0.04173344445156741
202604,2026-04-01,臺中港,72823,11314,84137,111509,18140.25,129649.25,63072,129649,66578,0.13447116013168997,0.86552883986831,0.13991789385592282,0.8600821061440772,3506,0.027042244830272504
202101,2021-01-01,臺北港,88751,19590,108341,135256,31645,166901,NA,NA,NA,0.18081797288191911,0.8191820271180809,0.18960341759486163,0.8103965824051383,NA,NA
202102,2021-02-01,臺北港,78717,14898,93615,120484.5,22297.5,142782,NA,NA,NA,0.15914116327511615,0.8408588367248838,0.15616464260200866,0.8438353573979913,NA,NA
202103,2021-03-01,臺北港,95652,15689,111341,147327.75,27056.25,174384,NA,NA,NA,0.14090945833071375,0.8590905416692862,0.1551532824112304,0.8448467175887696,NA,NA
202104,2021-04-01,臺北港,96318,17534,113852,150861.25,29828.5,180689.75,NA,NA,NA,0.15400695639953624,0.8459930436004638,0.16508130649358915,0.8349186935064109,NA,NA
202105,2021-05-01,臺北港,98757,15389,114146,155053.75,24054.75,179108.5,NA,NA,NA,0.13481856569656406,0.865181434303436,0.1343026712858407,0.8656973287141593,NA,NA
202106,2021-06-01,臺北港,91082,17768,108850,143924,29095,173019,NA,NA,NA,0.16323380799265044,0.8367661920073496,0.16816072223281836,0.8318392777671816,NA,NA
202107,2021-07-01,臺北港,91915,14691,106606,145923.5,25443.25,171366.75,NA,NA,NA,0.13780650244826745,0.8621934975517326,0.14847250122908906,0.8515274987709109,NA,NA
202108,2021-08-01,臺北港,85628,11902,97530,136834.5,20664.5,157499,NA,NA,NA,0.1220342458730647,0.8779657541269353,0.13120400764449297,0.868795992355507,NA,NA
202109,2021-09-01,臺北港,92812,15589,108401,147572,25064,172636,NA,NA,NA,0.14380863645169326,0.8561913635483067,0.14518408674899788,0.8548159132510021,NA,NA
202110,2021-10-01,臺北港,84848,15499,100347,134257.75,26877.75,161135.5,NA,NA,NA,0.15445404446570402,0.845545955534296,0.16680216339664444,0.8331978366033556,NA,NA
202111,2021-11-01,臺北港,85492,16718,102210,138682.75,28351.5,167034.25,NA,NA,NA,0.16356520888367088,0.8364347911163291,0.16973465022892012,0.8302653497710799,NA,NA
202112,2021-12-01,臺北港,86604,14057,100661,139713,22863.5,162576.5,NA,NA,NA,0.13964693376779488,0.8603530662322051,0.1406322561993892,0.8593677438006108,NA,NA
202201,2022-01-01,臺北港,77905,12986,90891,125674.75,21906.75,147581.5,NA,NA,NA,0.1428744320119704,0.8571255679880296,0.14843832052120354,0.8515616794787965,NA,NA
202202,2022-02-01,臺北港,69378,11233,80611,111912.75,19314.75,131227.5,NA,NA,NA,0.1393482279093424,0.8606517720906576,0.14718523175401496,0.852814768245985,NA,NA
202203,2022-03-01,臺北港,77449,16431,93880,123330,29410,152740,NA,NA,NA,0.17502130379207498,0.824978696207925,0.19254943040460915,0.8074505695953909,NA,NA
202204,2022-04-01,臺北港,83804,16515,100319,134957.75,27680.5,162638.25,NA,NA,NA,0.1646248467389029,0.8353751532610971,0.17019674031170404,0.8298032596882959,NA,NA
202205,2022-05-01,臺北港,82194,17510,99704,131414.75,28840,160254.75,NA,NA,NA,0.1756198347107438,0.8243801652892562,0.17996346442149141,0.8200365355785086,NA,NA
202206,2022-06-01,臺北港,76168,15568,91736,121651.75,25518.25,147170,NA,NA,NA,0.169704369059039,0.830295630940961,0.17339301488075015,0.8266069851192498,NA,NA
202207,2022-07-01,臺北港,79434,17746,97180,127334.75,29706,157040.75,NA,NA,NA,0.18260959045071,0.81739040954929,0.1891610935378238,0.8108389064621763,NA,NA
202208,2022-08-01,臺北港,70569,20999,91568,113463.75,37408,150871.75,NA,NA,NA,0.22932683907041762,0.7706731609295824,0.2479456889709306,0.7520543110290694,NA,NA
202209,2022-09-01,臺北港,64202,18358,82560,103428.75,30514.25,133943,NA,NA,NA,0.222359496124031,0.777640503875969,0.227815190043526,0.772184809956474,NA,NA
202210,2022-10-01,臺北港,70531,17892,88423,113269.5,29439.75,142709.25,NA,NA,NA,0.2023455435802902,0.7976544564197098,0.20629181360002943,0.7937081863999705,NA,NA
202211,2022-11-01,臺北港,77489,18048,95537,125766.5,30954.5,156721,NA,NA,NA,0.1889111025047887,0.8110888974952113,0.19751341556013552,0.8024865844398644,NA,NA
202212,2022-12-01,臺北港,75205,15081,90286,122401.25,24698.75,147100,NA,NA,NA,0.16703586381055757,0.8329641361894424,0.16790448674371175,0.8320955132562883,NA,NA
202301,2023-01-01,臺北港,66904,18290,85194,109278,31805.75,141083.75,NA,NA,NA,0.21468648026856352,0.7853135197314365,0.22543879078915893,0.774561209210841,NA,NA
202302,2023-02-01,臺北港,70368,15579,85947,114108.75,27341.25,141450,NA,NA,NA,0.18126287130440852,0.8187371286955915,0.19329268292682927,0.8067073170731708,NA,NA
202303,2023-03-01,臺北港,79119,14555,93674,128142.75,24721.5,152864.25,NA,NA,NA,0.15537929414778914,0.8446207058522108,0.1617219199387692,0.8382780800612308,NA,NA
202304,2023-04-01,臺北港,77551,14502,92053,126995,23258.25,150253.25,NA,NA,NA,0.15753967822884643,0.8424603217711536,0.15479365670958864,0.8452063432904113,NA,NA
202305,2023-05-01,臺北港,78549,14315,92864,129400,24285.75,153685.75,NA,NA,NA,0.15415015506547208,0.8458498449345279,0.15802213282623795,0.841977867173762,NA,NA
202306,2023-06-01,臺北港,69385,12035,81420,112046.25,20876.25,132922.5,NA,NA,NA,0.1478138049619258,0.8521861950380741,0.15705580319359025,0.8429441968064098,NA,NA
202307,2023-07-01,臺北港,71294,13495,84789,113112.25,22983.75,136096,NA,NA,NA,0.15915979667173807,0.8408402033282619,0.1688789530919351,0.8311210469080649,NA,NA
202308,2023-08-01,臺北港,71018,9079,80097,112242.75,15729.5,127972.25,NA,NA,NA,0.11335006304855363,0.8866499369514463,0.12291336598364098,0.877086634016359,NA,NA
202309,2023-09-01,臺北港,67399,7429,74828,104972,11382.5,116354.5,NA,NA,NA,0.09928101780082323,0.9007189821991768,0.09782604024769133,0.9021739597523086,NA,NA
202310,2023-10-01,臺北港,66444,9168,75612,103353.5,15354,118707.5,NA,NA,NA,0.121250595143628,0.878749404856372,0.12934313333192932,0.8706568666680706,NA,NA
202311,2023-11-01,臺北港,68062,9626,77688,106236.25,16747.75,122984,NA,NA,NA,0.12390587992997631,0.8760941200700236,0.13617828335393223,0.8638217166460678,NA,NA
202312,2023-12-01,臺北港,69804,8506,78310,108888.75,14451.25,123340,NA,NA,NA,0.10861958881368919,0.8913804111863108,0.11716596400194584,0.8828340359980542,NA,NA
202401,2024-01-01,臺北港,70859,9479,80338,110046.25,16278.75,126325,65691,126325,60634,0.11798899648983047,0.8820110035101696,0.12886404116366515,0.8711359588363349,-5057,-0.040031664357807244
202402,2024-02-01,臺北港,53540,7517,61057,82855.75,11895,94750.75,48964,94751,45787,0.12311446680970241,0.8768855331902976,0.12553990337807353,0.8744600966219265,-3177,-0.033529989129402325
202403,2024-03-01,臺北港,67420,10227,77647,105168.75,17258.25,122427,61377,122427,61050,0.13171146341777532,0.8682885365822247,0.14096767869832635,0.8590323213016736,-327,-0.0026709794408096253
202404,2024-04-01,臺北港,61099,10063,71162,95449.75,16695.5,112145.25,55821,112145,56324,0.1414097411539867,0.8585902588460134,0.14887389345513966,0.8511261065448603,503,0.0044852646127781
202405,2024-05-01,臺北港,68711,8279,76990,107742.75,14279.25,122022,61665,122022,60358,0.1075334459020652,0.89246655409793485,0.1170219304715543,0.8829780695284457,-1307,-0.010711183229253742
202406,2024-06-01,臺北港,69767,7944,77711,109054.75,13037.75,122092.5,62276,122093,59817,0.10222491024436695,0.897775089755633,0.10678583860597497,0.893214161394025,-2459,-0.020140384788644723
202407,2024-07-01,臺北港,64825,8140,72965,101543.5,13017.25,114560.75,54186,114561,60375,0.11156033714794765,0.8884396628520523,0.1136274858535755,0.8863725141464245,6189,0.05402362060387043
202408,2024-08-01,臺北港,75760,7583,83343,119018,13356.5,132374.5,68789,132375,63586,0.09098544568830015,0.9090145543116999,0.10089934239600527,0.8991006576039947,-5203,-0.03930500472143532
202409,2024-09-01,臺北港,64558,7825,72383,102155.5,13149,115304.5,57138,115305,58167,0.10810549438404045,0.8918945056159595,0.114037179815185,0.885962820184815,1029,0.008924157668791467
202410,2024-10-01,臺北港,60511,8801,69312,95607.75,15464.25,111072,55832,111072,55240,0.1269765697137581,0.873023430286242,0.13922725799481417,0.8607727420051858,-592,-0.005329876116392971
202411,2024-11-01,臺北港,72171,11417,83588,112695.75,20730.5,133426.25,66586,133426,66840,0.13658659137675264,0.8634134086232473,0.15537047619939853,0.8446295238006014,254,0.0019036769445235561
202412,2024-12-01,臺北港,71699,11767,83466,113202,20103.75,133305.75,66540,133306,66766,0.14097956053962094,0.8590204394603791,0.15080932367883607,0.849190676321164,226,0.0016953475462469806
202501,2025-01-01,臺北港,64475,9414,73889,102306,15629,117935,63446,117935,54489,0.12740732720702674,0.8725926727929733,0.13252215203289947,0.8674778479671005,-8957,-0.07594861576292025
202502,2025-02-01,臺北港,52927,9630,62557,83770.5,16386.75,100157.25,51368,100157,48790,0.15393960707834456,0.8460603929216555,0.1636102229244513,0.8363897770755487,-2578,-0.025739588845512546
202503,2025-03-01,臺北港,71273,10768,82041,113038.5,18905.75,131944.25,66449,131944,65495,0.1312514474470082,0.8687485525529918,0.1432858953686879,0.856714104631312,-954,-0.007230340144303644
202504,2025-04-01,臺北港,64777,11555,76332,101726.75,19004.5,120731.25,60768,120731,59964,0.1513781900120526,0.8486218099879473,0.15741160635709478,0.8425883936429052,-804,-0.006659432954253672
202505,2025-05-01,臺北港,68373,13419,81792,108343,22381.75,130724.75,65597,130725,65128,0.1640625,0.8359375,0.17121279635264172,0.8287872036473583,-469,-0.0035876840696117806
202506,2025-06-01,臺北港,68810,11704,80514,109659.5,20132,129791.5,66256,129792,63536,0.1453660233002956,0.8546339766997044,0.15511031153812074,0.8448896884618793,-2720,-0.020956607495069033
202507,2025-07-01,臺北港,65608,11331,76939,103897.5,19846.25,123743.75,64390,123744,59354,0.14727251458947999,0.85272748541052,0.16038183746653872,0.8396181625334613,-5036,-0.040696922679079386
202508,2025-08-01,臺北港,65137,8796,73933,102427,15341.5,117768.5,60359,117769,57409,0.11897258328486603,0.881027416715134,0.13026828056738432,0.8697317194326157,-2950,-0.02504903667348793
202509,2025-09-01,臺北港,58015,9577,67592,90655.75,16929,107584.75,53401,107585,54184,0.1416883654870399,0.8583116345129601,0.15735501546455236,0.8426449845354477,783,0.007277966259236882
202510,2025-10-01,臺北港,62479,8325,70804,99010.75,13990.25,113001,58169,113001,54833,0.11757810293203774,0.8824218970679623,0.12380642649180096,0.876193573508199,-3336,-0.02952186263838373
202511,2025-11-01,臺北港,64853,11017,75870,103549.5,18161,121710.5,62594,121711,59117,0.14520890997759325,0.8547910900224067,0.1492147349653481,0.8507852650346519,-3477,-0.028567672601490415
202512,2025-12-01,臺北港,79423,12317,91740,128184.5,20380.75,148565.25,74783,148565,73782,0.1342598648354044,0.8657401351645956,0.13718383000062262,0.8628161699993774,-1001,-0.006737791539056979
202601,2026-01-01,臺北港,73197,12192,85389,116298.75,21527.5,137826.25,71620,137826,66206,0.1427818571478762,0.8572181428521238,0.15619303289467718,0.8438069671053229,-5414,-0.03928141279584404
202602,2026-02-01,臺北港,59281,8671,67952,93883.75,14879.5,108763.25,57931,108763,50833,0.12760477984459617,0.8723952201554038,0.13680632014949903,0.863193679850501,-7098,-0.06526116418267242
202603,2026-03-01,臺北港,77632,14200,91832,123379.25,24076.25,147455.5,76697,147456,70759,0.15463019426779337,0.8453698057322067,0.16327807372393704,0.8367219262760629,-5938,-0.04026963975694445
202604,2026-04-01,臺北港,67249,11390,78639,106290.25,19837.5,126127.75,65357,126128,60771,0.14483907475934332,0.8551609252406567,0.15728101072127268,0.8427189892787273,-4586,-0.036359888367372827
202101,2021-01-01,高雄港,467293,72774,540067,722375.75,110726,833101.75,NA,NA,NA,0.13474994769167528,0.8652500523083247,0.13290813517076397,0.8670918648292361,NA,NA
202102,2021-02-01,高雄港,410589,69441,480030,637039.25,101488.5,738527.75,NA,NA,NA,0.144659708768202,0.855340291231798,0.1374200224703811,0.8625799775296189,NA,NA
202103,2021-03-01,高雄港,481483,76047,557530,745838.75,118652.75,864491.5,NA,NA,NA,0.13639983498645813,0.8636001650135419,0.13725149408640802,0.862748505913592,NA,NA
202104,2021-04-01,高雄港,461096,70303,531399,713296.75,107904.5,821201.25,NA,NA,NA,0.13229795313879025,0.8677020468612098,0.1313983630687362,0.8686016369312638,NA,NA
202105,2021-05-01,高雄港,477212,71757,548969,743442.5,105864.5,849307,NA,NA,NA,0.13071229887297825,0.8692877011270217,0.12464809544722932,0.8753519045527707,NA,NA
202106,2021-06-01,高雄港,464282,75633,539915,724814,114411.25,839225.25,NA,NA,NA,0.14008316123834308,0.8599168387616569,0.13632960876713374,0.8636703912328663,NA,NA
202107,2021-07-01,高雄港,470756,67300,538056,733837,101233.25,835070.25,NA,NA,NA,0.12507991733202492,0.874920082667975,0.12122722609265509,0.8787727739073449,NA,NA
202108,2021-08-01,高雄港,468718,64632,533350,734271.5,97395.75,831667.25,NA,NA,NA,0.12118121308709102,0.8788187869129089,0.11710903609586647,0.8828909639041336,NA,NA
202109,2021-09-01,高雄港,452093,63026,515119,709541.5,99666,809207.5,NA,NA,NA,0.12235231082526561,0.8776476891747343,0.12316494842175832,0.8768350515782417,NA,NA
202110,2021-10-01,高雄港,454484,66413,520897,707340.75,102666.75,810007.5,NA,NA,NA,0.1274973747209141,0.8725026252790858,0.12674790048240295,0.8732520995175971,NA,NA
202111,2021-11-01,高雄港,455469,72081,527550,714595.75,111183,825778.75,NA,NA,NA,0.13663349445550185,0.8633665055444981,0.13464018055683802,0.865359819443162,NA,NA
202112,2021-12-01,高雄港,460730,56041,516771,720154.25,86698.5,806852.75,NA,NA,NA,0.10844455280965844,0.8915554471903415,0.10745269195649391,0.8925473080435061,NA,NA
202201,2022-01-01,高雄港,458235,67588,525823,725243,102090.5,827333.5,NA,NA,NA,0.1285375497077914,0.8714624502922086,0.12339703396514223,0.8766029660348578,NA,NA
202202,2022-02-01,高雄港,396191,59016,455207,623636,92805.25,716441.25,NA,NA,NA,0.12964651246575734,0.8703534875342427,0.1295364414039532,0.8704635585960467,NA,NA
202203,2022-03-01,高雄港,480516,70639,551155,757126.25,104699,861825.25,NA,NA,NA,0.12816539811849662,0.8718346018815034,0.12148518507667302,0.878514814923327,NA,NA
202204,2022-04-01,高雄港,446978,67522,514500,705721.5,102533.5,808255,NA,NA,NA,0.13123809523809524,0.8687619047619047,0.12685786045245623,0.8731421395475438,NA,NA
202205,2022-05-01,高雄港,439770,67465,507235,691187.25,105246.25,796433.5,NA,NA,NA,0.1330054116928051,0.8669945883071949,0.13214694007723182,0.8678530599227682,NA,NA
202206,2022-06-01,高雄港,478376,70693,549069,761588,110047.25,871635.25,NA,NA,NA,0.12875066703820467,0.8712493329617953,0.1262537856287937,0.8737462143712063,NA,NA
202207,2022-07-01,高雄港,462290,72359,534649,730862.25,113461,844323.25,NA,NA,NA,0.13533925996307858,0.8646607400369214,0.13438099685162053,0.8656190031483795,NA,NA
202208,2022-08-01,高雄港,438441,73057,511498,692114.5,109091.25,801205.75,NA,NA,NA,0.1428294929794447,0.8571705070205553,0.13615884558991245,0.8638411544100876,NA,NA
202209,2022-09-01,高雄港,396954,64236,461190,627526.5,97138.5,724665,NA,NA,NA,0.1392831587848826,0.8607168412151174,0.13404607646291736,0.8659539235370827,NA,NA
202210,2022-10-01,高雄港,410475,62167,472642,639335.25,95309,734644.25,NA,NA,NA,0.13153084152487507,0.868469158475125,0.12973490230135198,0.870265097698648,NA,NA
202211,2022-11-01,高雄港,410303,69400,479703,642802.75,105602,748404.75,NA,NA,NA,0.14467284965905988,0.8553271503409401,0.1411027923059013,0.8588972076940987,NA,NA
202212,2022-12-01,高雄港,417536,66038,483574,657881.25,98567,756448.25,NA,NA,NA,0.1365623461972728,0.8634376538027272,0.1303023703207721,0.8696976296792279,NA,NA
202301,2023-01-01,高雄港,375293,64738,440031,592819,98639,691458,NA,NA,NA,0.14712145280673408,0.852878547193266,0.14265363912197127,0.8573463608780287,NA,NA
202302,2023-02-01,高雄港,361397,58111,419508,561753.75,86981.25,648735,NA,NA,NA,0.13852179219466612,0.8614782078053339,0.1340782445836898,0.8659217554163102,NA,NA
202303,2023-03-01,高雄港,427679,66881,494560,672776.5,98833,771609.5,NA,NA,NA,0.1352333387253316,0.8647666612746684,0.12808681075077485,0.8719131892492251,NA,NA
202304,2023-04-01,高雄港,397406,61557,458963,624499,91264.5,715763.5,NA,NA,NA,0.13412192268222056,0.8658780773177794,0.12750650179842923,0.8724934982015707,NA,NA
202305,2023-05-01,高雄港,434367,65432,499799,690075.5,98149.25,788224.75,NA,NA,NA,0.13091662848465083,0.8690833715153492,0.12451937090277868,0.8754806290972214,NA,NA
202306,2023-06-01,高雄港,403544,56527,460071,636677,87266.75,723943.75,NA,NA,NA,0.12286581853670411,0.8771341814632959,0.12054355051756438,0.8794564494824356,NA,NA
202307,2023-07-01,高雄港,384965,54223,439188,604734.75,85286.25,690021,NA,NA,NA,0.12346193429692978,0.8765380657030702,0.12359949914567818,0.8764005008543219,NA,NA
202308,2023-08-01,高雄港,420037,66438,486475,664259.75,102866,767125.75,NA,NA,NA,0.1365702245747469,0.8634297754252531,0.13409274815765213,0.8659072518423478,NA,NA
202309,2023-09-01,高雄港,429285,66240,495525,680605.75,103920,784525.75,NA,NA,NA,0.13367640381413654,0.8663235961858635,0.13246219133023995,0.86753780866976,NA,NA
202310,2023-10-01,高雄港,408034,63075,471109,646591.5,96861.25,743452.75,NA,NA,NA,0.13388621316935145,0.8661137868306485,0.13028568392544113,0.8697143160745588,NA,NA
202311,2023-11-01,高雄港,407405,63710,471115,643479,98983,742462,NA,NA,NA,0.13523237426106152,0.8647676257389385,0.13331726068135474,0.8666827393186453,NA,NA
202312,2023-12-01,高雄港,419033,65307,484340,662984.5,103523.75,766508.25,NA,NA,NA,0.13483709790642937,0.8651629020935706,0.13505888553710935,0.8649411144628907,NA,NA
202401,2024-01-01,高雄港,402363,68732,471095,637999.75,109098,747097.75,378113,747098,368985,0.14589838567592525,0.8541016143240747,0.14602908387824753,0.8539709161217525,-9128,-0.012217941956744631
202402,2024-02-01,高雄港,373920,57978,431898,594547,92589.5,687136.5,348759,687137,338377,0.1342400288957115,0.8657599711042885,0.13474688071438498,0.865253119285615,-10382,-0.01510906849725746
202403,2024-03-01,高雄港,452429,64273,516702,714310.5,103548,817858.5,413397,817859,404462,0.12439084810974217,0.8756091518902578,0.1266086982039069,0.8733913017960931,-8935,-0.01092486602213829
202404,2024-04-01,高雄港,417573,60207,477780,664007.75,92725.25,756733,374429,756733,382304,0.12601406505086024,0.8739859349491398,0.12253364132395442,0.8774663586760456,7875,0.010406576692175444
202405,2024-05-01,高雄港,430910,68852,499762,687950.75,108196.25,796147,393232,796147,402916,0.13776957831927997,0.8622304216807201,0.13589984010490525,0.8641001598950947,9684,0.012163582855929873
202406,2024-06-01,高雄港,439045,75381,514426,699746,115348.25,815094.25,401947,815094,413147,0.1465341953944785,0.8534658046055215,0.14151522968049401,0.858484770319506,11200,0.013740746466051768
202407,2024-07-01,高雄港,388856,65087,453943,614108.75,105413.75,719522.5,355475,719523,364047,0.14338143775760392,0.8566185622423961,0.14650514751102295,0.853494852488977,8572,0.011913448214997992
202408,2024-08-01,高雄港,450598,78054,528652,716326.5,126578,842904.5,439824,842905,403081,0.14764722350430906,0.852352776495691,0.15016885068237268,0.8498311493176274,-36743,-0.043590914753145374
202409,2024-09-01,高雄港,404021,71183,475204,641707,115790.5,757497.5,379485,757498,378013,0.14979461452344678,0.8502053854765532,0.15285925036056225,0.8471407496394378,-1472,-0.0019432394540975686
202410,2024-10-01,高雄港,372547,60799,433346,596042.75,98219.25,694262,347341,694262,346921,0.1403012835009438,0.8596987164990562,0.14147288775707154,0.8585271122429284,-420,-6.049589348113536e-4
202411,2024-11-01,高雄港,403677,74540,478217,643399.75,120071.5,763471.25,377077,763471,386395,0.15587066122701618,0.8441293387729838,0.15727049315871422,0.8427295068412858,9318,0.012204785774443299
202412,2024-12-01,高雄港,434693,81704,516397,697517.25,133179.75,830697,410299,830697,420398,0.1582193544888913,0.8417806455111086,0.1603228975185898,0.8396771024814101,10099,0.012157260709982099
202501,2025-01-01,高雄港,406931,76338,483269,655056.75,125649.75,780706.5,395765,780707,384941,0.15796171490412173,0.8420382850958783,0.16094364527514501,0.839056354724855,-10824,-0.013864356282190373
202502,2025-02-01,高雄港,354890,80012,434902,565501.75,127818,693319.75,352249,693320,341071,0.18397707989386114,0.8160229201061389,0.18435649640732144,0.8156435035926786,-11178,-0.016122425431258292
202503,2025-03-01,高雄港,415513,82742,498255,657693,134190.25,791883.25,392045,791883,399838,0.16606356183078946,0.8339364381692106,0.16945711378539702,0.8305428862146029,7793,0.009841100263549035
202504,2025-04-01,高雄港,384619,80121,464740,606482.5,129660.5,736143,368886,736143,367257,0.17239962129362654,0.8276003787063735,0.1761349357393876,0.8238650642606125,-1629,-0.0022128852682155504
202505,2025-05-01,高雄港,404662,74712,479374,640465.75,120220.75,760686.5,378441,760687,382246,0.15585325862478983,0.8441467413752102,0.15804243929660905,0.8419575607033909,3805,0.005002057350789484
202506,2025-06-01,高雄港,394313,75022,469335,634428.75,119640.25,754069,380891,754069,373178,0.15984744372356632,0.8401525562764337,0.1586595523751805,0.8413404476248195,-7713,-0.010228506940346308
202507,2025-07-01,高雄港,386115,68741,454856,618166.75,113128.75,731295.5,370030,731296,361266,0.15112695006771373,0.8488730499322863,0.1546963573548586,0.8453036426451414,-8764,-0.01198420338686387
202508,2025-08-01,高雄港,402717,75937,478654,639314.5,123313.5,762628,384581,762628,378047,0.15864695583866426,0.8413530441613357,0.16169547931625905,0.838304520683741,-6534,-0.008567742070839256
202509,2025-09-01,高雄港,360157,74120,434277,572179,123677.25,695856.25,347936,695856,347920,0.17067447734970997,0.82932552265029,0.1777339069671358,0.8222660930328642,-16,-2.2993262973948632e-5
202510,2025-10-01,高雄港,369187,72625,441812,587598.5,116891.75,704490.25,349243,704490,355248,0.1643798719817479,0.8356201280182521,0.16592387190596322,0.8340761280940368,6005,0.00852389671961277
202511,2025-11-01,高雄港,365548,65986,431534,587265.5,110560.75,697826.25,347130,697826,350697,0.1529103152938123,0.8470896847061877,0.15843592871434686,0.8415640712856531,3567,0.0051115894220049125
202512,2025-12-01,高雄港,402504,74458,476962,651958.5,124992,776950.5,377606,776951,399345,0.15610887240492954,0.8438911275950705,0.1608751136655424,0.8391248863344576,21739,0.02797988547540321
202601,2026-01-01,高雄港,392547,75894,468441,630791.5,123321.75,754113.25,382827,754113,371287,0.16201399962855514,0.8379860003714449,0.163532135259525,0.836467864740475,-11540,-0.015302746405379566
202602,2026-02-01,高雄港,325415,61746,387161,519946,96927,616873,319615,616873,297258,0.15948403893987256,0.8405159610601275,0.15712634529311545,0.8428736547068846,-22357,-0.03624246806068672
202603,2026-03-01,高雄港,393911,80420,474331,627099.5,132929.25,760028.75,371054,760029,388975,0.16954405257088404,0.830455947429116,0.17490029160081116,0.8250997083991889,17921,0.023579363419027433
202604,2026-04-01,高雄港,368129,69338,437467,582417.5,115485.5,697903,352631,697903,345272,0.15849881248185577,0.8415011875181442,0.16547500154032868,0.8345249984596713,-7359,-0.010544445288242062
