ym,ds,port,empty_full_type,container_count,container_teu_est
202101,2021-01-01,基隆港,實櫃,69962,109232.5
202101,2021-01-01,基隆港,空櫃,16157,27560
202101,2021-01-01,基隆港,總計,86119,136792.5
202101,2021-01-01,安平港,實櫃,0,0
202101,2021-01-01,安平港,空櫃,0,0
202101,2021-01-01,安平港,總計,0,0
202101,2021-01-01,港口別總計,實櫃,720707,1109393.25
202101,2021-01-01,港口別總計,空櫃,128936,199490
202101,2021-01-01,港口別總計,總計,849643,1308883.25
202101,2021-01-01,臺中港,實櫃,94701,142529
202101,2021-01-01,臺中港,空櫃,20415,29559
202101,2021-01-01,臺中港,總計,115116,172088
202101,2021-01-01,臺北港,實櫃,88751,135256
202101,2021-01-01,臺北港,空櫃,19590,31645
202101,2021-01-01,臺北港,總計,108341,166901
202101,2021-01-01,高雄港,實櫃,467293,722375.75
202101,2021-01-01,高雄港,空櫃,72774,110726
202101,2021-01-01,高雄港,總計,540067,833101.75
202102,2021-02-01,基隆港,實櫃,50867,78524.5
202102,2021-02-01,基隆港,空櫃,13786,22886.25
202102,2021-02-01,基隆港,總計,64653,101410.75
202102,2021-02-01,安平港,實櫃,0,0
202102,2021-02-01,安平港,空櫃,0,0
202102,2021-02-01,安平港,總計,0,0
202102,2021-02-01,港口別總計,實櫃,615315,949905.5
202102,2021-02-01,港口別總計,空櫃,113004,168361.25
202102,2021-02-01,港口別總計,總計,728319,1118266.75
202102,2021-02-01,臺中港,實櫃,75142,113857.25
202102,2021-02-01,臺中港,空櫃,14879,21689
202102,2021-02-01,臺中港,總計,90021,135546.25
202102,2021-02-01,臺北港,實櫃,78717,120484.5
202102,2021-02-01,臺北港,空櫃,14898,22297.5
202102,2021-02-01,臺北港,總計,93615,142782
202102,2021-02-01,高雄港,實櫃,410589,637039.25
202102,2021-02-01,高雄港,空櫃,69441,101488.5
202102,2021-02-01,高雄港,總計,480030,738527.75
202103,2021-03-01,基隆港,實櫃,71592,110866.25
202103,2021-03-01,基隆港,空櫃,14565,23629.75
202103,2021-03-01,基隆港,總計,86157,134496
202103,2021-03-01,安平港,實櫃,0,0
202103,2021-03-01,安平港,空櫃,0,0
202103,2021-03-01,安平港,總計,0,0
202103,2021-03-01,港口別總計,實櫃,741887,1144151.25
202103,2021-03-01,港口別總計,空櫃,125806,199059.5
202103,2021-03-01,港口別總計,總計,867693,1343210.75
202103,2021-03-01,臺中港,實櫃,93160,140118.5
202103,2021-03-01,臺中港,空櫃,19505,29720.75
202103,2021-03-01,臺中港,總計,112665,169839.25
202103,2021-03-01,臺北港,實櫃,95652,147327.75
202103,2021-03-01,臺北港,空櫃,15689,27056.25
202103,2021-03-01,臺北港,總計,111341,174384
202103,2021-03-01,高雄港,實櫃,481483,745838.75
202103,2021-03-01,高雄港,空櫃,76047,118652.75
202103,2021-03-01,高雄港,總計,557530,864491.5
202104,2021-04-01,基隆港,實櫃,69029,107701.75
202104,2021-04-01,基隆港,空櫃,16870,27841.75
202104,2021-04-01,基隆港,總計,85899,135543.5
202104,2021-04-01,安平港,實櫃,0,0
202104,2021-04-01,安平港,空櫃,0,0
202104,2021-04-01,安平港,總計,0,0
202104,2021-04-01,港口別總計,實櫃,717723,1110162
202104,2021-04-01,港口別總計,空櫃,123560,193787
202104,2021-04-01,港口別總計,總計,841283,1303949
202104,2021-04-01,臺中港,實櫃,91280,138302.25
202104,2021-04-01,臺中港,空櫃,18853,28212.25
202104,2021-04-01,臺中港,總計,110133,166514.5
202104,2021-04-01,臺北港,實櫃,96318,150861.25
202104,2021-04-01,臺北港,空櫃,17534,29828.5
202104,2021-04-01,臺北港,總計,113852,180689.75
202104,2021-04-01,高雄港,實櫃,461096,713296.75
202104,2021-04-01,高雄港,空櫃,70303,107904.5
202104,2021-04-01,高雄港,總計,531399,821201.25
202105,2021-05-01,基隆港,實櫃,72098,112713.25
202105,2021-05-01,基隆港,空櫃,16509,28393
202105,2021-05-01,基隆港,總計,88607,141106.25
202105,2021-05-01,安平港,實櫃,7,7
202105,2021-05-01,安平港,空櫃,0,0
202105,2021-05-01,安平港,總計,7,7
202105,2021-05-01,港口別總計,實櫃,742807,1155681.75
202105,2021-05-01,港口別總計,空櫃,121777,185653.5
202105,2021-05-01,港口別總計,總計,864584,1341335.25
202105,2021-05-01,臺中港,實櫃,94733,144465.25
202105,2021-05-01,臺中港,空櫃,18122,27341.25
202105,2021-05-01,臺中港,總計,112855,171806.5
202105,2021-05-01,臺北港,實櫃,98757,155053.75
202105,2021-05-01,臺北港,空櫃,15389,24054.75
202105,2021-05-01,臺北港,總計,114146,179108.5
202105,2021-05-01,高雄港,實櫃,477212,743442.5
202105,2021-05-01,高雄港,空櫃,71757,105864.5
202105,2021-05-01,高雄港,總計,548969,849307
202106,2021-06-01,基隆港,實櫃,62228,96719.5
202106,2021-06-01,基隆港,空櫃,18240,30289.5
202106,2021-06-01,基隆港,總計,80468,127009
202106,2021-06-01,安平港,實櫃,0,0
202106,2021-06-01,安平港,空櫃,0,0
202106,2021-06-01,安平港,總計,0,0
202106,2021-06-01,港口別總計,實櫃,704730,1098217.5
202106,2021-06-01,港口別總計,空櫃,130866,203325.5
202106,2021-06-01,港口別總計,總計,835596,1301543
202106,2021-06-01,臺中港,實櫃,87138,132760
202106,2021-06-01,臺中港,空櫃,19225,29529.75
202106,2021-06-01,臺中港,總計,106363,162289.75
202106,2021-06-01,臺北港,實櫃,91082,143924
202106,2021-06-01,臺北港,空櫃,17768,29095
202106,2021-06-01,臺北港,總計,108850,173019
202106,2021-06-01,高雄港,實櫃,464282,724814
202106,2021-06-01,高雄港,空櫃,75633,114411.25
202106,2021-06-01,高雄港,總計,539915,839225.25
202107,2021-07-01,基隆港,實櫃,65202,100804
202107,2021-07-01,基隆港,空櫃,16571,27703.5
202107,2021-07-01,基隆港,總計,81773,128507.5
202107,2021-07-01,安平港,實櫃,0,0
202107,2021-07-01,安平港,空櫃,0,0
202107,2021-07-01,安平港,總計,0,0
202107,2021-07-01,港口別總計,實櫃,720934,1122666.5
202107,2021-07-01,港口別總計,空櫃,115388,180903
202107,2021-07-01,港口別總計,總計,836322,1303569.5
202107,2021-07-01,臺中港,實櫃,93061,142102
202107,2021-07-01,臺中港,空櫃,16826,26523
202107,2021-07-01,臺中港,總計,109887,168625
202107,2021-07-01,臺北港,實櫃,91915,145923.5
202107,2021-07-01,臺北港,空櫃,14691,25443.25
202107,2021-07-01,臺北港,總計,106606,171366.75
202107,2021-07-01,高雄港,實櫃,470756,733837
202107,2021-07-01,高雄港,空櫃,67300,101233.25
202107,2021-07-01,高雄港,總計,538056,835070.25
202108,2021-08-01,基隆港,實櫃,71259,111175.5
202108,2021-08-01,基隆港,空櫃,17874,30107
202108,2021-08-01,基隆港,總計,89133,141282.5
202108,2021-08-01,安平港,實櫃,18,36
202108,2021-08-01,安平港,空櫃,0,0
202108,2021-08-01,安平港,總計,18,36
202108,2021-08-01,港口別總計,實櫃,720948,1127427.75
202108,2021-08-01,港口別總計,空櫃,113305,176488.5
202108,2021-08-01,港口別總計,總計,834253,1303916.25
202108,2021-08-01,臺中港,實櫃,95325,145110.25
202108,2021-08-01,臺中港,空櫃,18897,28321.25
202108,2021-08-01,臺中港,總計,114222,173431.5
202108,2021-08-01,臺北港,實櫃,85628,136834.5
202108,2021-08-01,臺北港,空櫃,11902,20664.5
202108,2021-08-01,臺北港,總計,97530,157499
202108,2021-08-01,高雄港,實櫃,468718,734271.5
202108,2021-08-01,高雄港,空櫃,64632,97395.75
202108,2021-08-01,高雄港,總計,533350,831667.25
202109,2021-09-01,基隆港,實櫃,66116,102697.5
202109,2021-09-01,基隆港,空櫃,18004,29957.75
202109,2021-09-01,基隆港,總計,84120,132655.25
202109,2021-09-01,安平港,實櫃,18,36
202109,2021-09-01,安平港,空櫃,0,0
202109,2021-09-01,安平港,總計,18,36
202109,2021-09-01,港口別總計,實櫃,696351,1089747
202109,2021-09-01,港口別總計,空櫃,113162,180589
202109,2021-09-01,港口別總計,總計,809513,1270336
202109,2021-09-01,臺中港,實櫃,85312,129900
202109,2021-09-01,臺中港,空櫃,16543,25901.25
202109,2021-09-01,臺中港,總計,101855,155801.25
202109,2021-09-01,臺北港,實櫃,92812,147572
202109,2021-09-01,臺北港,空櫃,15589,25064
202109,2021-09-01,臺北港,總計,108401,172636
202109,2021-09-01,高雄港,實櫃,452093,709541.5
202109,2021-09-01,高雄港,空櫃,63026,99666
202109,2021-09-01,高雄港,總計,515119,809207.5
202110,2021-10-01,基隆港,實櫃,63383,99134.25
202110,2021-10-01,基隆港,空櫃,16094,26637.25
202110,2021-10-01,基隆港,總計,79477,125771.5
202110,2021-10-01,安平港,實櫃,4,8
202110,2021-10-01,安平港,空櫃,0,0
202110,2021-10-01,安平港,總計,4,8
202110,2021-10-01,港口別總計,實櫃,693343,1078779
202110,2021-10-01,港口別總計,空櫃,119024,189379.25
202110,2021-10-01,港口別總計,總計,812367,1268158.25
202110,2021-10-01,臺中港,實櫃,90624,138038.25
202110,2021-10-01,臺中港,空櫃,21018,33197.5
202110,2021-10-01,臺中港,總計,111642,171235.75
202110,2021-10-01,臺北港,實櫃,84848,134257.75
202110,2021-10-01,臺北港,空櫃,15499,26877.75
202110,2021-10-01,臺北港,總計,100347,161135.5
202110,2021-10-01,高雄港,實櫃,454484,707340.75
202110,2021-10-01,高雄港,空櫃,66413,102666.75
202110,2021-10-01,高雄港,總計,520897,810007.5
202111,2021-11-01,基隆港,實櫃,73552,114703.25
202111,2021-11-01,基隆港,空櫃,17557,29472
202111,2021-11-01,基隆港,總計,91109,144175.25
202111,2021-11-01,安平港,實櫃,32,64
202111,2021-11-01,安平港,空櫃,0,0
202111,2021-11-01,安平港,總計,32,64
202111,2021-11-01,港口別總計,實櫃,701993,1102009.5
202111,2021-11-01,港口別總計,空櫃,123079,194845
202111,2021-11-01,港口別總計,總計,825072,1296854.5
202111,2021-11-01,臺中港,實櫃,87448,133963.75
202111,2021-11-01,臺中港,空櫃,16723,25838.5
202111,2021-11-01,臺中港,總計,104171,159802.25
202111,2021-11-01,臺北港,實櫃,85492,138682.75
202111,2021-11-01,臺北港,空櫃,16718,28351.5
202111,2021-11-01,臺北港,總計,102210,167034.25
202111,2021-11-01,高雄港,實櫃,455469,714595.75
202111,2021-11-01,高雄港,空櫃,72081,111183
202111,2021-11-01,高雄港,總計,527550,825778.75
202112,2021-12-01,基隆港,實櫃,74846,117665.25
202112,2021-12-01,基隆港,空櫃,21230,34976.5
202112,2021-12-01,基隆港,總計,96076,152641.75
202112,2021-12-01,安平港,實櫃,112,214
202112,2021-12-01,安平港,空櫃,8,16
202112,2021-12-01,安平港,總計,120,230
202112,2021-12-01,港口別總計,實櫃,715545,1120384
202112,2021-12-01,港口別總計,空櫃,110416,174231.5
202112,2021-12-01,港口別總計,總計,825961,1294615.5
202112,2021-12-01,臺中港,實櫃,93253,142637.5
202112,2021-12-01,臺中港,空櫃,19080,29677
202112,2021-12-01,臺中港,總計,112333,172314.5
202112,2021-12-01,臺北港,實櫃,86604,139713
202112,2021-12-01,臺北港,空櫃,14057,22863.5
202112,2021-12-01,臺北港,總計,100661,162576.5
202112,2021-12-01,高雄港,實櫃,460730,720154.25
202112,2021-12-01,高雄港,空櫃,56041,86698.5
202112,2021-12-01,高雄港,總計,516771,806852.75
202201,2022-01-01,基隆港,實櫃,67024,105467
202201,2022-01-01,基隆港,空櫃,22274,36285.75
202201,2022-01-01,基隆港,總計,89298,141752.75
202201,2022-01-01,安平港,實櫃,0,0
202201,2022-01-01,安平港,空櫃,0,0
202201,2022-01-01,安平港,總計,0,0
202201,2022-01-01,港口別總計,實櫃,685389,1082924.25
202201,2022-01-01,港口別總計,空櫃,121427,189946.75
202201,2022-01-01,港口別總計,總計,806816,1272871
202201,2022-01-01,臺中港,實櫃,82225,126539.5
202201,2022-01-01,臺中港,空櫃,18579,29663.75
202201,2022-01-01,臺中港,總計,100804,156203.25
202201,2022-01-01,臺北港,實櫃,77905,125674.75
202201,2022-01-01,臺北港,空櫃,12986,21906.75
202201,2022-01-01,臺北港,總計,90891,147581.5
202201,2022-01-01,高雄港,實櫃,458235,725243
202201,2022-01-01,高雄港,空櫃,67588,102090.5
202201,2022-01-01,高雄港,總計,525823,827333.5
202202,2022-02-01,基隆港,實櫃,53161,83818
202202,2022-02-01,基隆港,空櫃,13601,21859.5
202202,2022-02-01,基隆港,總計,66762,105677.5
202202,2022-02-01,安平港,實櫃,59,98
202202,2022-02-01,安平港,空櫃,25,50
202202,2022-02-01,安平港,總計,84,148
202202,2022-02-01,港口別總計,實櫃,594644,935195.5
202202,2022-02-01,港口別總計,空櫃,96094,153453.5
202202,2022-02-01,港口別總計,總計,690738,1088649
202202,2022-02-01,臺中港,實櫃,75855,115730.75
202202,2022-02-01,臺中港,空櫃,12219,19424
202202,2022-02-01,臺中港,總計,88074,135154.75
202202,2022-02-01,臺北港,實櫃,69378,111912.75
202202,2022-02-01,臺北港,空櫃,11233,19314.75
202202,2022-02-01,臺北港,總計,80611,131227.5
202202,2022-02-01,高雄港,實櫃,396191,623636
202202,2022-02-01,高雄港,空櫃,59016,92805.25
202202,2022-02-01,高雄港,總計,455207,716441.25
202203,2022-03-01,基隆港,實櫃,70930,111078.25
202203,2022-03-01,基隆港,空櫃,17413,28798
202203,2022-03-01,基隆港,總計,88343,139876.25
202203,2022-03-01,安平港,實櫃,163,229
202203,2022-03-01,安平港,空櫃,18,18
202203,2022-03-01,安平港,總計,181,247
202203,2022-03-01,港口別總計,實櫃,718780,1128427
202203,2022-03-01,港口別總計,空櫃,126471,196500.75
202203,2022-03-01,港口別總計,總計,845251,1324927.75
202203,2022-03-01,臺中港,實櫃,89722,136663.5
202203,2022-03-01,臺中港,空櫃,21970,33575.75
202203,2022-03-01,臺中港,總計,111692,170239.25
202203,2022-03-01,臺北港,實櫃,77449,123330
202203,2022-03-01,臺北港,空櫃,16431,29410
202203,2022-03-01,臺北港,總計,93880,152740
202203,2022-03-01,高雄港,實櫃,480516,757126.25
202203,2022-03-01,高雄港,空櫃,70639,104699
202203,2022-03-01,高雄港,總計,551155,861825.25
202204,2022-04-01,基隆港,實櫃,66565,104885.75
202204,2022-04-01,基隆港,空櫃,17151,28605
202204,2022-04-01,基隆港,總計,83716,133490.75
202204,2022-04-01,安平港,實櫃,33,66
202204,2022-04-01,安平港,空櫃,10,20
202204,2022-04-01,安平港,總計,43,86
202204,2022-04-01,港口別總計,實櫃,680528,1072159.75
202204,2022-04-01,港口別總計,空櫃,120423,188266.75
202204,2022-04-01,港口別總計,總計,800951,1260426.5
202204,2022-04-01,臺中港,實櫃,83148,126528.75
202204,2022-04-01,臺中港,空櫃,19225,29427.75
202204,2022-04-01,臺中港,總計,102373,155956.5
202204,2022-04-01,臺北港,實櫃,83804,134957.75
202204,2022-04-01,臺北港,空櫃,16515,27680.5
202204,2022-04-01,臺北港,總計,100319,162638.25
202204,2022-04-01,高雄港,實櫃,446978,705721.5
202204,2022-04-01,高雄港,空櫃,67522,102533.5
202204,2022-04-01,高雄港,總計,514500,808255
202205,2022-05-01,基隆港,實櫃,68970,108516.5
202205,2022-05-01,基隆港,空櫃,18927,31396.75
202205,2022-05-01,基隆港,總計,87897,139913.25
202205,2022-05-01,安平港,實櫃,89,139
202205,2022-05-01,安平港,空櫃,11,20
202205,2022-05-01,安平港,總計,100,159
202205,2022-05-01,港口別總計,實櫃,678808,1065007.5
202205,2022-05-01,港口別總計,空櫃,121434,192830.75
202205,2022-05-01,港口別總計,總計,800242,1257838.25
202205,2022-05-01,臺中港,實櫃,87785,133750
202205,2022-05-01,臺中港,空櫃,17521,27327.75
202205,2022-05-01,臺中港,總計,105306,161077.75
202205,2022-05-01,臺北港,實櫃,82194,131414.75
202205,2022-05-01,臺北港,空櫃,17510,28840
202205,2022-05-01,臺北港,總計,99704,160254.75
202205,2022-05-01,高雄港,實櫃,439770,691187.25
202205,2022-05-01,高雄港,空櫃,67465,105246.25
202205,2022-05-01,高雄港,總計,507235,796433.5
202206,2022-06-01,基隆港,實櫃,71849,112895.5
202206,2022-06-01,基隆港,空櫃,20643,34489
202206,2022-06-01,基隆港,總計,92492,147384.5
202206,2022-06-01,安平港,實櫃,29,58
202206,2022-06-01,安平港,空櫃,39,39
202206,2022-06-01,安平港,總計,68,97
202206,2022-06-01,港口別總計,實櫃,710031,1124169.75
202206,2022-06-01,港口別總計,空櫃,124200,196963.5
202206,2022-06-01,港口別總計,總計,834231,1321133.25
202206,2022-06-01,臺中港,實櫃,83609,127976.5
202206,2022-06-01,臺中港,空櫃,17257,26870
202206,2022-06-01,臺中港,總計,100866,154846.5
202206,2022-06-01,臺北港,實櫃,76168,121651.75
202206,2022-06-01,臺北港,空櫃,15568,25518.25
202206,2022-06-01,臺北港,總計,91736,147170
202206,2022-06-01,高雄港,實櫃,478376,761588
202206,2022-06-01,高雄港,空櫃,70693,110047.25
202206,2022-06-01,高雄港,總計,549069,871635.25
202207,2022-07-01,基隆港,實櫃,71808,113377.5
202207,2022-07-01,基隆港,空櫃,23445,39129.75
202207,2022-07-01,基隆港,總計,95253,152507.25
202207,2022-07-01,安平港,實櫃,74,102
202207,2022-07-01,安平港,空櫃,27,53
202207,2022-07-01,安平港,總計,101,155
202207,2022-07-01,港口別總計,實櫃,699851,1103606.5
202207,2022-07-01,港口別總計,空櫃,127572,203931.5
202207,2022-07-01,港口別總計,總計,827423,1307538
202207,2022-07-01,臺中港,實櫃,86245,131930
202207,2022-07-01,臺中港,空櫃,13995,21581.75
202207,2022-07-01,臺中港,總計,100240,153511.75
202207,2022-07-01,臺北港,實櫃,79434,127334.75
202207,2022-07-01,臺北港,空櫃,17746,29706
202207,2022-07-01,臺北港,總計,97180,157040.75
202207,2022-07-01,高雄港,實櫃,462290,730862.25
202207,2022-07-01,高雄港,空櫃,72359,113461
202207,2022-07-01,高雄港,總計,534649,844323.25
202208,2022-08-01,基隆港,實櫃,66377,104649.5
202208,2022-08-01,基隆港,空櫃,21137,35702.5
202208,2022-08-01,基隆港,總計,87514,140352
202208,2022-08-01,安平港,實櫃,129,222
202208,2022-08-01,安平港,空櫃,46,56
202208,2022-08-01,安平港,總計,175,278
202208,2022-08-01,港口別總計,實櫃,655631,1034261
202208,2022-08-01,港口別總計,空櫃,130435,206795.25
202208,2022-08-01,港口別總計,總計,786066,1241056.25
202208,2022-08-01,臺中港,實櫃,80115,123811.25
202208,2022-08-01,臺中港,空櫃,15196,24537.5
202208,2022-08-01,臺中港,總計,95311,148348.75
202208,2022-08-01,臺北港,實櫃,70569,113463.75
202208,2022-08-01,臺北港,空櫃,20999,37408
202208,2022-08-01,臺北港,總計,91568,150871.75
202208,2022-08-01,高雄港,實櫃,438441,692114.5
202208,2022-08-01,高雄港,空櫃,73057,109091.25
202208,2022-08-01,高雄港,總計,511498,801205.75
202209,2022-09-01,基隆港,實櫃,60219,95401.25
202209,2022-09-01,基隆港,空櫃,15955,27046
202209,2022-09-01,基隆港,總計,76174,122447.25
202209,2022-09-01,安平港,實櫃,78,120
202209,2022-09-01,安平港,空櫃,94,124
202209,2022-09-01,安平港,總計,172,244
202209,2022-09-01,港口別總計,實櫃,589408,930224.75
202209,2022-09-01,港口別總計,空櫃,115373,181367.75
202209,2022-09-01,港口別總計,總計,704781,1111592.5
202209,2022-09-01,臺中港,實櫃,67955,103748.25
202209,2022-09-01,臺中港,空櫃,16730,26545
202209,2022-09-01,臺中港,總計,84685,130293.25
202209,2022-09-01,臺北港,實櫃,64202,103428.75
202209,2022-09-01,臺北港,空櫃,18358,30514.25
202209,2022-09-01,臺北港,總計,82560,133943
202209,2022-09-01,高雄港,實櫃,396954,627526.5
202209,2022-09-01,高雄港,空櫃,64236,97138.5
202209,2022-09-01,高雄港,總計,461190,724665
202210,2022-10-01,基隆港,實櫃,61219,97124
202210,2022-10-01,基隆港,空櫃,17232,28730.5
202210,2022-10-01,基隆港,總計,78451,125854.5
202210,2022-10-01,安平港,實櫃,44,52
202210,2022-10-01,安平港,空櫃,20,40
202210,2022-10-01,安平港,總計,64,92
202210,2022-10-01,港口別總計,實櫃,610957,953010.5
202210,2022-10-01,港口別總計,空櫃,113715,179108.5
202210,2022-10-01,港口別總計,總計,724672,1132119
202210,2022-10-01,臺中港,實櫃,68688,103229.75
202210,2022-10-01,臺中港,空櫃,16404,25589.25
202210,2022-10-01,臺中港,總計,85092,128819
202210,2022-10-01,臺北港,實櫃,70531,113269.5
202210,2022-10-01,臺北港,空櫃,17892,29439.75
202210,2022-10-01,臺北港,總計,88423,142709.25
202210,2022-10-01,高雄港,實櫃,410475,639335.25
202210,2022-10-01,高雄港,空櫃,62167,95309
202210,2022-10-01,高雄港,總計,472642,734644.25
202211,2022-11-01,基隆港,實櫃,65813,105144.25
202211,2022-11-01,基隆港,空櫃,18563,30894
202211,2022-11-01,基隆港,總計,84376,136038.25
202211,2022-11-01,安平港,實櫃,107,173
202211,2022-11-01,安平港,空櫃,56,56
202211,2022-11-01,安平港,總計,163,229
202211,2022-11-01,港口別總計,實櫃,633180,995070.25
202211,2022-11-01,港口別總計,空櫃,124332,195526
202211,2022-11-01,港口別總計,總計,757512,1190596.25
202211,2022-11-01,臺中港,實櫃,79468,121183.75
202211,2022-11-01,臺中港,空櫃,18265,28019.5
202211,2022-11-01,臺中港,總計,97733,149203.25
202211,2022-11-01,臺北港,實櫃,77489,125766.5
202211,2022-11-01,臺北港,空櫃,18048,30954.5
202211,2022-11-01,臺北港,總計,95537,156721
202211,2022-11-01,高雄港,實櫃,410303,642802.75
202211,2022-11-01,高雄港,空櫃,69400,105602
202211,2022-11-01,高雄港,總計,479703,748404.75
202212,2022-12-01,基隆港,實櫃,65278,104167.25
202212,2022-12-01,基隆港,空櫃,20578,33244.75
202212,2022-12-01,基隆港,總計,85856,137412
202212,2022-12-01,安平港,實櫃,182,292
202212,2022-12-01,安平港,空櫃,53,85
202212,2022-12-01,安平港,總計,235,377
202212,2022-12-01,港口別總計,實櫃,635229,1003230.5
202212,2022-12-01,港口別總計,空櫃,116664,179817.75
202212,2022-12-01,港口別總計,總計,751893,1183048.25
202212,2022-12-01,臺中港,實櫃,77028,118488.75
202212,2022-12-01,臺中港,空櫃,14914,23222.25
202212,2022-12-01,臺中港,總計,91942,141711
202212,2022-12-01,臺北港,實櫃,75205,122401.25
202212,2022-12-01,臺北港,空櫃,15081,24698.75
202212,2022-12-01,臺北港,總計,90286,147100
202212,2022-12-01,高雄港,實櫃,417536,657881.25
202212,2022-12-01,高雄港,空櫃,66038,98567
202212,2022-12-01,高雄港,總計,483574,756448.25
202301,2023-01-01,基隆港,實櫃,49447,78905.5
202301,2023-01-01,基隆港,空櫃,17227,28256.5
202301,2023-01-01,基隆港,總計,66674,107162
202301,2023-01-01,安平港,實櫃,132,192
202301,2023-01-01,安平港,空櫃,77,82
202301,2023-01-01,安平港,總計,209,274
202301,2023-01-01,港口別總計,實櫃,552255,873202
202301,2023-01-01,港口別總計,空櫃,114862,181117.25
202301,2023-01-01,港口別總計,總計,667117,1054319.25
202301,2023-01-01,臺中港,實櫃,60479,92007.5
202301,2023-01-01,臺中港,空櫃,14530,22334
202301,2023-01-01,臺中港,總計,75009,114341.5
202301,2023-01-01,臺北港,實櫃,66904,109278
202301,2023-01-01,臺北港,空櫃,18290,31805.75
202301,2023-01-01,臺北港,總計,85194,141083.75
202301,2023-01-01,高雄港,實櫃,375293,592819
202301,2023-01-01,高雄港,空櫃,64738,98639
202301,2023-01-01,高雄港,總計,440031,691458
202302,2023-02-01,基隆港,實櫃,56560,88432.75
202302,2023-02-01,基隆港,空櫃,12961,21156.25
202302,2023-02-01,基隆港,總計,69521,109589
202302,2023-02-01,安平港,實櫃,48,60
202302,2023-02-01,安平港,空櫃,48,60
202302,2023-02-01,安平港,總計,96,120
202302,2023-02-01,港口別總計,實櫃,557928,870232.75
202302,2023-02-01,港口別總計,空櫃,101143,157896.75
202302,2023-02-01,港口別總計,總計,659071,1028129.5
202302,2023-02-01,臺中港,實櫃,69555,105877.5
202302,2023-02-01,臺中港,空櫃,14444,22358
202302,2023-02-01,臺中港,總計,83999,128235.5
202302,2023-02-01,臺北港,實櫃,70368,114108.75
202302,2023-02-01,臺北港,空櫃,15579,27341.25
202302,2023-02-01,臺北港,總計,85947,141450
202302,2023-02-01,高雄港,實櫃,361397,561753.75
202302,2023-02-01,高雄港,空櫃,58111,86981.25
202302,2023-02-01,高雄港,總計,419508,648735
202303,2023-03-01,基隆港,實櫃,65468,103489.5
202303,2023-03-01,基隆港,空櫃,19582,32344.5
202303,2023-03-01,基隆港,總計,85050,135834
202303,2023-03-01,安平港,實櫃,122,171
202303,2023-03-01,安平港,空櫃,108,149
202303,2023-03-01,安平港,總計,230,320
202303,2023-03-01,港口別總計,實櫃,649875,1022862.75
202303,2023-03-01,港口別總計,空櫃,115777,178142
202303,2023-03-01,港口別總計,總計,765652,1201004.75
202303,2023-03-01,臺中港,實櫃,77487,118283
202303,2023-03-01,臺中港,空櫃,14651,22094
202303,2023-03-01,臺中港,總計,92138,140377
202303,2023-03-01,臺北港,實櫃,79119,128142.75
202303,2023-03-01,臺北港,空櫃,14555,24721.5
202303,2023-03-01,臺北港,總計,93674,152864.25
202303,2023-03-01,高雄港,實櫃,427679,672776.5
202303,2023-03-01,高雄港,空櫃,66881,98833
202303,2023-03-01,高雄港,總計,494560,771609.5
202304,2023-04-01,基隆港,實櫃,64616,101623.75
202304,2023-04-01,基隆港,空櫃,18061,29336.75
202304,2023-04-01,基隆港,總計,82677,130960.5
202304,2023-04-01,安平港,實櫃,116,124
202304,2023-04-01,安平港,空櫃,138,168
202304,2023-04-01,安平港,總計,254,292
202304,2023-04-01,港口別總計,實櫃,612417,964329.25
202304,2023-04-01,港口別總計,空櫃,106549,163409
202304,2023-04-01,港口別總計,總計,718966,1127738.25
202304,2023-04-01,臺中港,實櫃,72728,111087.5
202304,2023-04-01,臺中港,空櫃,12291,19381.5
202304,2023-04-01,臺中港,總計,85019,130469
202304,2023-04-01,臺北港,實櫃,77551,126995
202304,2023-04-01,臺北港,空櫃,14502,23258.25
202304,2023-04-01,臺北港,總計,92053,150253.25
202304,2023-04-01,高雄港,實櫃,397406,624499
202304,2023-04-01,高雄港,空櫃,61557,91264.5
202304,2023-04-01,高雄港,總計,458963,715763.5
202305,2023-05-01,基隆港,實櫃,64777,103625.75
202305,2023-05-01,基隆港,空櫃,18581,30522
202305,2023-05-01,基隆港,總計,83358,134147.75
202305,2023-05-01,安平港,實櫃,51,66
202305,2023-05-01,安平港,空櫃,74,112
202305,2023-05-01,安平港,總計,125,178
202305,2023-05-01,港口別總計,實櫃,650720,1035308.25
202305,2023-05-01,港口別總計,空櫃,112539,175091.25
202305,2023-05-01,港口別總計,總計,763259,1210399.5
202305,2023-05-01,臺中港,實櫃,72976,112141
202305,2023-05-01,臺中港,空櫃,14137,22022.25
202305,2023-05-01,臺中港,總計,87113,134163.25
202305,2023-05-01,臺北港,實櫃,78549,129400
202305,2023-05-01,臺北港,空櫃,14315,24285.75
202305,2023-05-01,臺北港,總計,92864,153685.75
202305,2023-05-01,高雄港,實櫃,434367,690075.5
202305,2023-05-01,高雄港,空櫃,65432,98149.25
202305,2023-05-01,高雄港,總計,499799,788224.75
202306,2023-06-01,基隆港,實櫃,60797,95349
202306,2023-06-01,基隆港,空櫃,17567,29121.5
202306,2023-06-01,基隆港,總計,78364,124470.5
202306,2023-06-01,安平港,實櫃,107,107
202306,2023-06-01,安平港,空櫃,72,72
202306,2023-06-01,安平港,總計,179,179
202306,2023-06-01,港口別總計,實櫃,605949,956014
202306,2023-06-01,港口別總計,空櫃,97547,156227.5
202306,2023-06-01,港口別總計,總計,703496,1112241.5
202306,2023-06-01,臺中港,實櫃,72116,111834.75
202306,2023-06-01,臺中港,空櫃,11346,18891
202306,2023-06-01,臺中港,總計,83462,130725.75
202306,2023-06-01,臺北港,實櫃,69385,112046.25
202306,2023-06-01,臺北港,空櫃,12035,20876.25
202306,2023-06-01,臺北港,總計,81420,132922.5
202306,2023-06-01,高雄港,實櫃,403544,636677
202306,2023-06-01,高雄港,空櫃,56527,87266.75
202306,2023-06-01,高雄港,總計,460071,723943.75
202307,2023-07-01,基隆港,實櫃,62777,98963.25
202307,2023-07-01,基隆港,空櫃,19959,32628.75
202307,2023-07-01,基隆港,總計,82736,131592
202307,2023-07-01,安平港,實櫃,40,80
202307,2023-07-01,安平港,空櫃,0,0
202307,2023-07-01,安平港,總計,40,80
202307,2023-07-01,港口別總計,實櫃,591440,928347
202307,2023-07-01,港口別總計,空櫃,101290,162560
202307,2023-07-01,港口別總計,總計,692730,1090907
202307,2023-07-01,臺中港,實櫃,72364,111456.75
202307,2023-07-01,臺中港,空櫃,13613,21661.25
202307,2023-07-01,臺中港,總計,85977,133118
202307,2023-07-01,臺北港,實櫃,71294,113112.25
202307,2023-07-01,臺北港,空櫃,13495,22983.75
202307,2023-07-01,臺北港,總計,84789,136096
202307,2023-07-01,高雄港,實櫃,384965,604734.75
202307,2023-07-01,高雄港,空櫃,54223,85286.25
202307,2023-07-01,高雄港,總計,439188,690021
202308,2023-08-01,基隆港,實櫃,63248,99847.75
202308,2023-08-01,基隆港,空櫃,18336,30693.25
202308,2023-08-01,基隆港,總計,81584,130541
202308,2023-08-01,安平港,實櫃,52,68
202308,2023-08-01,安平港,空櫃,113,155
202308,2023-08-01,安平港,總計,165,223
202308,2023-08-01,港口別總計,實櫃,632644,996845.5
202308,2023-08-01,港口別總計,空櫃,108385,171882.75
202308,2023-08-01,港口別總計,總計,741029,1168728.25
202308,2023-08-01,臺中港,實櫃,78289,120427.25
202308,2023-08-01,臺中港,空櫃,14419,22439
202308,2023-08-01,臺中港,總計,92708,142866.25
202308,2023-08-01,臺北港,實櫃,71018,112242.75
202308,2023-08-01,臺北港,空櫃,9079,15729.5
202308,2023-08-01,臺北港,總計,80097,127972.25
202308,2023-08-01,高雄港,實櫃,420037,664259.75
202308,2023-08-01,高雄港,空櫃,66438,102866
202308,2023-08-01,高雄港,總計,486475,767125.75
202309,2023-09-01,基隆港,實櫃,60518,95651.75
202309,2023-09-01,基隆港,空櫃,19365,32558.75
202309,2023-09-01,基隆港,總計,79883,128210.5
202309,2023-09-01,安平港,實櫃,52,68
202309,2023-09-01,安平港,空櫃,18,36
202309,2023-09-01,安平港,總計,70,104
202309,2023-09-01,港口別總計,實櫃,632943,997971.25
202309,2023-09-01,港口別總計,空櫃,106095,168617
202309,2023-09-01,港口別總計,總計,739038,1166588.25
202309,2023-09-01,臺中港,實櫃,75689,116673.75
202309,2023-09-01,臺中港,空櫃,13043,20719.75
202309,2023-09-01,臺中港,總計,88732,137393.5
202309,2023-09-01,臺北港,實櫃,67399,104972
202309,2023-09-01,臺北港,空櫃,7429,11382.5
202309,2023-09-01,臺北港,總計,74828,116354.5
202309,2023-09-01,高雄港,實櫃,429285,680605.75
202309,2023-09-01,高雄港,空櫃,66240,103920
202309,2023-09-01,高雄港,總計,495525,784525.75
202310,2023-10-01,基隆港,實櫃,59900,94451.5
202310,2023-10-01,基隆港,空櫃,19196,32149.75
202310,2023-10-01,基隆港,總計,79096,126601.25
202310,2023-10-01,安平港,實櫃,39,78
202310,2023-10-01,安平港,空櫃,60,84
202310,2023-10-01,安平港,總計,99,162
202310,2023-10-01,港口別總計,實櫃,607468,957828.75
202310,2023-10-01,港口別總計,空櫃,104828,165765
202310,2023-10-01,港口別總計,總計,712296,1123593.75
202310,2023-10-01,臺中港,實櫃,73051,113354.25
202310,2023-10-01,臺中港,空櫃,13329,21316
202310,2023-10-01,臺中港,總計,86380,134670.25
202310,2023-10-01,臺北港,實櫃,66444,103353.5
202310,2023-10-01,臺北港,空櫃,9168,15354
202310,2023-10-01,臺北港,總計,75612,118707.5
202310,2023-10-01,高雄港,實櫃,408034,646591.5
202310,2023-10-01,高雄港,空櫃,63075,96861.25
202310,2023-10-01,高雄港,總計,471109,743452.75
202311,2023-11-01,基隆港,實櫃,63110,99433.5
202311,2023-11-01,基隆港,空櫃,20242,33848.75
202311,2023-11-01,基隆港,總計,83352,133282.25
202311,2023-11-01,安平港,實櫃,45,90
202311,2023-11-01,安平港,空櫃,8,16
202311,2023-11-01,安平港,總計,53,106
202311,2023-11-01,港口別總計,實櫃,613007,964227
202311,2023-11-01,港口別總計,空櫃,109594,175040.5
202311,2023-11-01,港口別總計,總計,722601,1139267.5
202311,2023-11-01,臺中港,實櫃,74385,114988.25
202311,2023-11-01,臺中港,空櫃,16008,25445
202311,2023-11-01,臺中港,總計,90393,140433.25
202311,2023-11-01,臺北港,實櫃,68062,106236.25
202311,2023-11-01,臺北港,空櫃,9626,16747.75
202311,2023-11-01,臺北港,總計,77688,122984
202311,2023-11-01,高雄港,實櫃,407405,643479
202311,2023-11-01,高雄港,空櫃,63710,98983
202311,2023-11-01,高雄港,總計,471115,742462
202312,2023-12-01,基隆港,實櫃,65571,103588.75
202312,2023-12-01,基隆港,空櫃,22027,37141.75
202312,2023-12-01,基隆港,總計,87598,140730.5
202312,2023-12-01,安平港,實櫃,48,60
202312,2023-12-01,安平港,空櫃,13,26
202312,2023-12-01,安平港,總計,61,86
202312,2023-12-01,港口別總計,實櫃,633542,997056.25
202312,2023-12-01,港口別總計,空櫃,109954,177014
202312,2023-12-01,港口別總計,總計,743496,1174070.25
202312,2023-12-01,臺中港,實櫃,79086,121534.25
202312,2023-12-01,臺中港,空櫃,14101,21871.25
202312,2023-12-01,臺中港,總計,93187,143405.5
202312,2023-12-01,臺北港,實櫃,69804,108888.75
202312,2023-12-01,臺北港,空櫃,8506,14451.25
202312,2023-12-01,臺北港,總計,78310,123340
202312,2023-12-01,高雄港,實櫃,419033,662984.5
202312,2023-12-01,高雄港,空櫃,65307,103523.75
202312,2023-12-01,高雄港,總計,484340,766508.25
202401,2024-01-01,基隆港,實櫃,67386,106945.5
202401,2024-01-01,基隆港,空櫃,22220,38508
202401,2024-01-01,基隆港,總計,89606,145453.5
202401,2024-01-01,安平港,實櫃,15,30
202401,2024-01-01,安平港,空櫃,54,72
202401,2024-01-01,安平港,總計,69,102
202401,2024-01-01,港口別總計,實櫃,620883,978833.75
202401,2024-01-01,港口別總計,空櫃,113229,184360.25
202401,2024-01-01,港口別總計,總計,734112,1163194
202401,2024-01-01,臺中港,實櫃,80260,123812.25
202401,2024-01-01,臺中港,空櫃,12744,20403.5
202401,2024-01-01,臺中港,總計,93004,144215.75
202401,2024-01-01,臺北港,實櫃,70859,110046.25
202401,2024-01-01,臺北港,空櫃,9479,16278.75
202401,2024-01-01,臺北港,總計,80338,126325
202401,2024-01-01,高雄港,實櫃,402363,637999.75
202401,2024-01-01,高雄港,空櫃,68732,109098
202401,2024-01-01,高雄港,總計,471095,747097.75
202402,2024-02-01,基隆港,實櫃,44253,70106.5
202402,2024-02-01,基隆港,空櫃,15520,25101.5
202402,2024-02-01,基隆港,總計,59773,95208
202402,2024-02-01,安平港,實櫃,86,132
202402,2024-02-01,安平港,空櫃,76,116
202402,2024-02-01,安平港,總計,162,248
202402,2024-02-01,港口別總計,實櫃,530611,838424.75
202402,2024-02-01,港口別總計,空櫃,93406,149231.5
202402,2024-02-01,港口別總計,總計,624017,987656.25
202402,2024-02-01,臺中港,實櫃,58812,90783.5
202402,2024-02-01,臺中港,空櫃,12315,19529.5
202402,2024-02-01,臺中港,總計,71127,110313
202402,2024-02-01,臺北港,實櫃,53540,82855.75
202402,2024-02-01,臺北港,空櫃,7517,11895
202402,2024-02-01,臺北港,總計,61057,94750.75
202402,2024-02-01,高雄港,實櫃,373920,594547
202402,2024-02-01,高雄港,空櫃,57978,92589.5
202402,2024-02-01,高雄港,總計,431898,687136.5
202403,2024-03-01,基隆港,實櫃,65236,101824.75
202403,2024-03-01,基隆港,空櫃,19081,32526
202403,2024-03-01,基隆港,總計,84317,134350.75
202403,2024-03-01,安平港,實櫃,9,18
202403,2024-03-01,安平港,空櫃,48,56
202403,2024-03-01,安平港,總計,57,74
202403,2024-03-01,港口別總計,實櫃,668531,1048694.5
202403,2024-03-01,港口別總計,空櫃,108543,178538.5
202403,2024-03-01,港口別總計,總計,777074,1227233
202403,2024-03-01,臺中港,實櫃,83437,127372.5
202403,2024-03-01,臺中港,空櫃,14914,25150.25
202403,2024-03-01,臺中港,總計,98351,152522.75
202403,2024-03-01,臺北港,實櫃,67420,105168.75
202403,2024-03-01,臺北港,空櫃,10227,17258.25
202403,2024-03-01,臺北港,總計,77647,122427
202403,2024-03-01,高雄港,實櫃,452429,714310.5
202403,2024-03-01,高雄港,空櫃,64273,103548
202403,2024-03-01,高雄港,總計,516702,817858.5
202404,2024-04-01,基隆港,實櫃,65710,103445.25
202404,2024-04-01,基隆港,空櫃,21404,35660.25
202404,2024-04-01,基隆港,總計,87114,139105.5
202404,2024-04-01,安平港,實櫃,12,24
202404,2024-04-01,安平港,空櫃,13,26
202404,2024-04-01,安平港,總計,25,50
202404,2024-04-01,港口別總計,實櫃,618983,976647
202404,2024-04-01,港口別總計,空櫃,104212,164969.75
202404,2024-04-01,港口別總計,總計,723195,1141616.75
202404,2024-04-01,臺中港,實櫃,74589,113720.25
202404,2024-04-01,臺中港,空櫃,12525,19862.75
202404,2024-04-01,臺中港,總計,87114,133583
202404,2024-04-01,臺北港,實櫃,61099,95449.75
202404,2024-04-01,臺北港,空櫃,10063,16695.5
202404,2024-04-01,臺北港,總計,71162,112145.25
202404,2024-04-01,高雄港,實櫃,417573,664007.75
202404,2024-04-01,高雄港,空櫃,60207,92725.25
202404,2024-04-01,高雄港,總計,477780,756733
202405,2024-05-01,基隆港,實櫃,66534,105136.5
202405,2024-05-01,基隆港,空櫃,24766,40753.25
202405,2024-05-01,基隆港,總計,91300,145889.75
202405,2024-05-01,安平港,實櫃,38,76
202405,2024-05-01,安平港,空櫃,0,0
202405,2024-05-01,安平港,總計,38,76
202405,2024-05-01,港口別總計,實櫃,642383,1016701.75
202405,2024-05-01,港口別總計,空櫃,114398,183827.5
202405,2024-05-01,港口別總計,總計,756781,1200529.25
202405,2024-05-01,臺中港,實櫃,76190,115795.75
202405,2024-05-01,臺中港,空櫃,12501,20598.75
202405,2024-05-01,臺中港,總計,88691,136394.5
202405,2024-05-01,臺北港,實櫃,68711,107742.75
202405,2024-05-01,臺北港,空櫃,8279,14279.25
202405,2024-05-01,臺北港,總計,76990,122022
202405,2024-05-01,高雄港,實櫃,430910,687950.75
202405,2024-05-01,高雄港,空櫃,68852,108196.25
202405,2024-05-01,高雄港,總計,499762,796147
202406,2024-06-01,基隆港,實櫃,66605,104880.5
202406,2024-06-01,基隆港,空櫃,24976,41855.75
202406,2024-06-01,基隆港,總計,91581,146736.25
202406,2024-06-01,安平港,實櫃,25,50
202406,2024-06-01,安平港,空櫃,23,46
202406,2024-06-01,安平港,總計,48,96
202406,2024-06-01,港口別總計,實櫃,655778,1037571.5
202406,2024-06-01,港口別總計,空櫃,120928,191937.75
202406,2024-06-01,港口別總計,總計,776706,1229509.25
202406,2024-06-01,臺中港,實櫃,80336,123840.25
202406,2024-06-01,臺中港,空櫃,12604,21650
202406,2024-06-01,臺中港,總計,92940,145490.25
202406,2024-06-01,臺北港,實櫃,69767,109054.75
202406,2024-06-01,臺北港,空櫃,7944,13037.75
202406,2024-06-01,臺北港,總計,77711,122092.5
202406,2024-06-01,高雄港,實櫃,439045,699746
202406,2024-06-01,高雄港,空櫃,75381,115348.25
202406,2024-06-01,高雄港,總計,514426,815094.25
202407,2024-07-01,基隆港,實櫃,62912,99294.75
202407,2024-07-01,基隆港,空櫃,23284,38502
202407,2024-07-01,基隆港,總計,86196,137796.75
202407,2024-07-01,安平港,實櫃,13,26
202407,2024-07-01,安平港,空櫃,11,22
202407,2024-07-01,安平港,總計,24,48
202407,2024-07-01,港口別總計,實櫃,588953,926045
202407,2024-07-01,港口別總計,空櫃,111904,181736.75
202407,2024-07-01,港口別總計,總計,700857,1107781.75
202407,2024-07-01,臺中港,實櫃,72347,111072
202407,2024-07-01,臺中港,空櫃,15382,24781.75
202407,2024-07-01,臺中港,總計,87729,135853.75
202407,2024-07-01,臺北港,實櫃,64825,101543.5
202407,2024-07-01,臺北港,空櫃,8140,13017.25
202407,2024-07-01,臺北港,總計,72965,114560.75
202407,2024-07-01,高雄港,實櫃,388856,614108.75
202407,2024-07-01,高雄港,空櫃,65087,105413.75
202407,2024-07-01,高雄港,總計,453943,719522.5
202408,2024-08-01,基隆港,實櫃,69647,110445.75
202408,2024-08-01,基隆港,空櫃,23668,38886.25
202408,2024-08-01,基隆港,總計,93315,149332
202408,2024-08-01,安平港,實櫃,123,138
202408,2024-08-01,安平港,空櫃,54,54
202408,2024-08-01,安平港,總計,177,192
202408,2024-08-01,港口別總計,實櫃,671140,1060322.5
202408,2024-08-01,港口別總計,空櫃,123301,201015.75
202408,2024-08-01,港口別總計,總計,794441,1261338.25
202408,2024-08-01,臺中港,實櫃,75012,114394.25
202408,2024-08-01,臺中港,空櫃,13942,22141
202408,2024-08-01,臺中港,總計,88954,136535.25
202408,2024-08-01,臺北港,實櫃,75760,119018
202408,2024-08-01,臺北港,空櫃,7583,13356.5
202408,2024-08-01,臺北港,總計,83343,132374.5
202408,2024-08-01,高雄港,實櫃,450598,716326.5
202408,2024-08-01,高雄港,空櫃,78054,126578
202408,2024-08-01,高雄港,總計,528652,842904.5
202409,2024-09-01,基隆港,實櫃,61796,97654.25
202409,2024-09-01,基隆港,空櫃,21260,35823.25
202409,2024-09-01,基隆港,總計,83056,133477.5
202409,2024-09-01,安平港,實櫃,90,126
202409,2024-09-01,安平港,空櫃,66,78
202409,2024-09-01,安平港,總計,156,204
202409,2024-09-01,港口別總計,實櫃,596060,941149
202409,2024-09-01,港口別總計,空櫃,114001,185896
202409,2024-09-01,港口別總計,總計,710061,1127045
202409,2024-09-01,臺中港,實櫃,65595,99506.25
202409,2024-09-01,臺中港,空櫃,13667,21055.25
202409,2024-09-01,臺中港,總計,79262,120561.5
202409,2024-09-01,臺北港,實櫃,64558,102155.5
202409,2024-09-01,臺北港,空櫃,7825,13149
202409,2024-09-01,臺北港,總計,72383,115304.5
202409,2024-09-01,高雄港,實櫃,404021,641707
202409,2024-09-01,高雄港,空櫃,71183,115790.5
202409,2024-09-01,高雄港,總計,475204,757497.5
202410,2024-10-01,基隆港,實櫃,59119,93919.5
202410,2024-10-01,基隆港,空櫃,18652,30932.5
202410,2024-10-01,基隆港,總計,77771,124852
202410,2024-10-01,安平港,實櫃,12,24
202410,2024-10-01,安平港,空櫃,0,0
202410,2024-10-01,安平港,總計,12,24
202410,2024-10-01,港口別總計,實櫃,554784,881103.25
202410,2024-10-01,港口別總計,空櫃,100112,163772
202410,2024-10-01,港口別總計,總計,654896,1044875.25
202410,2024-10-01,臺中港,實櫃,62595,95509.25
202410,2024-10-01,臺中港,空櫃,11860,19156
202410,2024-10-01,臺中港,總計,74455,114665.25
202410,2024-10-01,臺北港,實櫃,60511,95607.75
202410,2024-10-01,臺北港,空櫃,8801,15464.25
202410,2024-10-01,臺北港,總計,69312,111072
202410,2024-10-01,高雄港,實櫃,372547,596042.75
202410,2024-10-01,高雄港,空櫃,60799,98219.25
202410,2024-10-01,高雄港,總計,433346,694262
202411,2024-11-01,基隆港,實櫃,66979,105665.5
202411,2024-11-01,基隆港,空櫃,22992,39243.75
202411,2024-11-01,基隆港,總計,89971,144909.25
202411,2024-11-01,安平港,實櫃,20,40
202411,2024-11-01,安平港,空櫃,105,120
202411,2024-11-01,安平港,總計,125,160
202411,2024-11-01,港口別總計,實櫃,617038,975200.25
202411,2024-11-01,港口別總計,空櫃,123324,204294.75
202411,2024-11-01,港口別總計,總計,740362,1179495
202411,2024-11-01,臺中港,實櫃,74191,113399.25
202411,2024-11-01,臺中港,空櫃,14270,24129
202411,2024-11-01,臺中港,總計,88461,137528.25
202411,2024-11-01,臺北港,實櫃,72171,112695.75
202411,2024-11-01,臺北港,空櫃,11417,20730.5
202411,2024-11-01,臺北港,總計,83588,133426.25
202411,2024-11-01,高雄港,實櫃,403677,643399.75
202411,2024-11-01,高雄港,空櫃,74540,120071.5
202411,2024-11-01,高雄港,總計,478217,763471.25
202412,2024-12-01,基隆港,實櫃,69836,110413
202412,2024-12-01,基隆港,空櫃,24942,42374
202412,2024-12-01,基隆港,總計,94778,152787
202412,2024-12-01,安平港,實櫃,168,226
202412,2024-12-01,安平港,空櫃,131,156
202412,2024-12-01,安平港,總計,299,382
202412,2024-12-01,港口別總計,實櫃,655177,1042453
202412,2024-12-01,港口別總計,空櫃,133500,220527.5
202412,2024-12-01,港口別總計,總計,788677,1262980.5
202412,2024-12-01,臺中港,實櫃,78781,121094.75
202412,2024-12-01,臺中港,空櫃,14956,24714
202412,2024-12-01,臺中港,總計,93737,145808.75
202412,2024-12-01,臺北港,實櫃,71699,113202
202412,2024-12-01,臺北港,空櫃,11767,20103.75
202412,2024-12-01,臺北港,總計,83466,133305.75
202412,2024-12-01,高雄港,實櫃,434693,697517.25
202412,2024-12-01,高雄港,空櫃,81704,133179.75
202412,2024-12-01,高雄港,總計,516397,830697
202501,2025-01-01,基隆港,實櫃,56424,89892.5
202501,2025-01-01,基隆港,空櫃,23417,38921.25
202501,2025-01-01,基隆港,總計,79841,128813.75
202501,2025-01-01,安平港,實櫃,108,157
202501,2025-01-01,安平港,空櫃,74,91
202501,2025-01-01,安平港,總計,182,248
202501,2025-01-01,港口別總計,實櫃,596429,954255.25
202501,2025-01-01,港口別總計,空櫃,122490,202533
202501,2025-01-01,港口別總計,總計,718919,1156788.25
202501,2025-01-01,臺中港,實櫃,68491,106843
202501,2025-01-01,臺中港,空櫃,13247,22242
202501,2025-01-01,臺中港,總計,81738,129085
202501,2025-01-01,臺北港,實櫃,64475,102306
202501,2025-01-01,臺北港,空櫃,9414,15629
202501,2025-01-01,臺北港,總計,73889,117935
202501,2025-01-01,高雄港,實櫃,406931,655056.75
202501,2025-01-01,高雄港,空櫃,76338,125649.75
202501,2025-01-01,高雄港,總計,483269,780706.5
202502,2025-02-01,基隆港,實櫃,49407,77957
202502,2025-02-01,基隆港,空櫃,15765,27035.75
202502,2025-02-01,基隆港,總計,65172,104992.75
202502,2025-02-01,安平港,實櫃,117,180
202502,2025-02-01,安平港,空櫃,213,276
202502,2025-02-01,安平港,總計,330,456
202502,2025-02-01,港口別總計,實櫃,518047,820452.75
202502,2025-02-01,港口別總計,空櫃,114718,186794.75
202502,2025-02-01,港口別總計,總計,632765,1007247.5
202502,2025-02-01,臺中港,實櫃,60706,93043.5
202502,2025-02-01,臺中港,空櫃,9098,15278.25
202502,2025-02-01,臺中港,總計,69804,108321.75
202502,2025-02-01,臺北港,實櫃,52927,83770.5
202502,2025-02-01,臺北港,空櫃,9630,16386.75
202502,2025-02-01,臺北港,總計,62557,100157.25
202502,2025-02-01,高雄港,實櫃,354890,565501.75
202502,2025-02-01,高雄港,空櫃,80012,127818
202502,2025-02-01,高雄港,總計,434902,693319.75
202503,2025-03-01,基隆港,實櫃,62850,98550
202503,2025-03-01,基隆港,空櫃,22701,37531.75
202503,2025-03-01,基隆港,總計,85551,136081.75
202503,2025-03-01,安平港,實櫃,92,128
202503,2025-03-01,安平港,空櫃,66,85
202503,2025-03-01,安平港,總計,158,213
202503,2025-03-01,港口別總計,實櫃,628504,990490
202503,2025-03-01,港口別總計,空櫃,128633,209935
202503,2025-03-01,港口別總計,總計,757137,1200425
202503,2025-03-01,臺中港,實櫃,78776,121080.5
202503,2025-03-01,臺中港,空櫃,12356,19222.25
202503,2025-03-01,臺中港,總計,91132,140302.75
202503,2025-03-01,臺北港,實櫃,71273,113038.5
202503,2025-03-01,臺北港,空櫃,10768,18905.75
202503,2025-03-01,臺北港,總計,82041,131944.25
202503,2025-03-01,高雄港,實櫃,415513,657693
202503,2025-03-01,高雄港,空櫃,82742,134190.25
202503,2025-03-01,高雄港,總計,498255,791883.25
202504,2025-04-01,基隆港,實櫃,63428,100156.25
202504,2025-04-01,基隆港,空櫃,23368,38872.5
202504,2025-04-01,基隆港,總計,86796,139028.75
202504,2025-04-01,安平港,實櫃,110,110
202504,2025-04-01,安平港,空櫃,116,124
202504,2025-04-01,安平港,總計,226,234
202504,2025-04-01,港口別總計,實櫃,585335,919004
202504,2025-04-01,港口別總計,空櫃,129288,211204.5
202504,2025-04-01,港口別總計,總計,714623,1130208.5
202504,2025-04-01,臺中港,實櫃,72401,110528.5
202504,2025-04-01,臺中港,空櫃,14128,23543
202504,2025-04-01,臺中港,總計,86529,134071.5
202504,2025-04-01,臺北港,實櫃,64777,101726.75
202504,2025-04-01,臺北港,空櫃,11555,19004.5
202504,2025-04-01,臺北港,總計,76332,120731.25
202504,2025-04-01,高雄港,實櫃,384619,606482.5
202504,2025-04-01,高雄港,空櫃,80121,129660.5
202504,2025-04-01,高雄港,總計,464740,736143
202505,2025-05-01,基隆港,實櫃,62443,99014
202505,2025-05-01,基隆港,空櫃,24789,42241.5
202505,2025-05-01,基隆港,總計,87232,141255.5
202505,2025-05-01,安平港,實櫃,9,18
202505,2025-05-01,安平港,空櫃,51,102
202505,2025-05-01,安平港,總計,60,120
202505,2025-05-01,港口別總計,實櫃,613298,965569.75
202505,2025-05-01,港口別總計,空櫃,128317,210642.5
202505,2025-05-01,港口別總計,總計,741615,1176212.25
202505,2025-05-01,臺中港,實櫃,77811,117729
202505,2025-05-01,臺中港,空櫃,15346,25696.5
202505,2025-05-01,臺中港,總計,93157,143425.5
202505,2025-05-01,臺北港,實櫃,68373,108343
202505,2025-05-01,臺北港,空櫃,13419,22381.75
202505,2025-05-01,臺北港,總計,81792,130724.75
202505,2025-05-01,高雄港,實櫃,404662,640465.75
202505,2025-05-01,高雄港,空櫃,74712,120220.75
202505,2025-05-01,高雄港,總計,479374,760686.5
202506,2025-06-01,基隆港,實櫃,61434,97115.75
202506,2025-06-01,基隆港,空櫃,23996,39653.75
202506,2025-06-01,基隆港,總計,85430,136769.5
202506,2025-06-01,安平港,實櫃,16,32
202506,2025-06-01,安平港,空櫃,5,10
202506,2025-06-01,安平港,總計,21,42
202506,2025-06-01,港口別總計,實櫃,600797,958240.25
202506,2025-06-01,港口別總計,空櫃,124230,201720.25
202506,2025-06-01,港口別總計,總計,725027,1159960.5
202506,2025-06-01,臺中港,實櫃,76224,117004.25
202506,2025-06-01,臺中港,空櫃,13503,22284.25
202506,2025-06-01,臺中港,總計,89727,139288.5
202506,2025-06-01,臺北港,實櫃,68810,109659.5
202506,2025-06-01,臺北港,空櫃,11704,20132
202506,2025-06-01,臺北港,總計,80514,129791.5
202506,2025-06-01,高雄港,實櫃,394313,634428.75
202506,2025-06-01,高雄港,空櫃,75022,119640.25
202506,2025-06-01,高雄港,總計,469335,754069
202507,2025-07-01,基隆港,實櫃,61794,97299.75
202507,2025-07-01,基隆港,空櫃,23158,38647
202507,2025-07-01,基隆港,總計,84952,135946.75
202507,2025-07-01,安平港,實櫃,17,33
202507,2025-07-01,安平港,空櫃,0,0
202507,2025-07-01,安平港,總計,17,33
202507,2025-07-01,港口別總計,實櫃,583312,926183.25
202507,2025-07-01,港口別總計,空櫃,117077,194009
202507,2025-07-01,港口別總計,總計,700389,1120192.25
202507,2025-07-01,臺中港,實櫃,69778,106786.25
202507,2025-07-01,臺中港,空櫃,13847,22387
202507,2025-07-01,臺中港,總計,83625,129173.25
202507,2025-07-01,臺北港,實櫃,65608,103897.5
202507,2025-07-01,臺北港,空櫃,11331,19846.25
202507,2025-07-01,臺北港,總計,76939,123743.75
202507,2025-07-01,高雄港,實櫃,386115,618166.75
202507,2025-07-01,高雄港,空櫃,68741,113128.75
202507,2025-07-01,高雄港,總計,454856,731295.5
202508,2025-08-01,基隆港,實櫃,63653,101232.75
202508,2025-08-01,基隆港,空櫃,23045,37879.25
202508,2025-08-01,基隆港,總計,86698,139112
202508,2025-08-01,安平港,實櫃,56,112
202508,2025-08-01,安平港,空櫃,19,37
202508,2025-08-01,安平港,總計,75,149
202508,2025-08-01,港口別總計,實櫃,609212,962427.5
202508,2025-08-01,港口別總計,空櫃,120516,196674
202508,2025-08-01,港口別總計,總計,729728,1159101.5
202508,2025-08-01,臺中港,實櫃,77649,119341.25
202508,2025-08-01,臺中港,空櫃,12719,20102.75
202508,2025-08-01,臺中港,總計,90368,139444
202508,2025-08-01,臺北港,實櫃,65137,102427
202508,2025-08-01,臺北港,空櫃,8796,15341.5
202508,2025-08-01,臺北港,總計,73933,117768.5
202508,2025-08-01,高雄港,實櫃,402717,639314.5
202508,2025-08-01,高雄港,空櫃,75937,123313.5
202508,2025-08-01,高雄港,總計,478654,762628
202509,2025-09-01,基隆港,實櫃,60158,95507.75
202509,2025-09-01,基隆港,空櫃,23806,39485.75
202509,2025-09-01,基隆港,總計,83964,134993.5
202509,2025-09-01,安平港,實櫃,63,126
202509,2025-09-01,安平港,空櫃,22,44
202509,2025-09-01,安平港,總計,85,170
202509,2025-09-01,港口別總計,實櫃,548033,865835
202509,2025-09-01,港口別總計,空櫃,119521,199421.25
202509,2025-09-01,港口別總計,總計,667554,1065256.25
202509,2025-09-01,臺中港,實櫃,69636,107362.5
202509,2025-09-01,臺中港,空櫃,11996,19285.25
202509,2025-09-01,臺中港,總計,81632,126647.75
202509,2025-09-01,臺北港,實櫃,58015,90655.75
202509,2025-09-01,臺北港,空櫃,9577,16929
202509,2025-09-01,臺北港,總計,67592,107584.75
202509,2025-09-01,高雄港,實櫃,360157,572179
202509,2025-09-01,高雄港,空櫃,74120,123677.25
202509,2025-09-01,高雄港,總計,434277,695856.25
202510,2025-10-01,基隆港,實櫃,57903,92705.5
202510,2025-10-01,基隆港,空櫃,18782,31424.25
202510,2025-10-01,基隆港,總計,76685,124129.75
202510,2025-10-01,安平港,實櫃,78,156
202510,2025-10-01,安平港,空櫃,62,124
202510,2025-10-01,安平港,總計,140,280
202510,2025-10-01,港口別總計,實櫃,558352,884963.5
202510,2025-10-01,港口別總計,空櫃,111628,181302
202510,2025-10-01,港口別總計,總計,669980,1066265.5
202510,2025-10-01,臺中港,實櫃,68705,105492.75
202510,2025-10-01,臺中港,空櫃,11834,18871.75
202510,2025-10-01,臺中港,總計,80539,124364.5
202510,2025-10-01,臺北港,實櫃,62479,99010.75
202510,2025-10-01,臺北港,空櫃,8325,13990.25
202510,2025-10-01,臺北港,總計,70804,113001
202510,2025-10-01,高雄港,實櫃,369187,587598.5
202510,2025-10-01,高雄港,空櫃,72625,116891.75
202510,2025-10-01,高雄港,總計,441812,704490.25
202511,2025-11-01,基隆港,實櫃,63174,99770.75
202511,2025-11-01,基隆港,空櫃,21831,36817.5
202511,2025-11-01,基隆港,總計,85005,136588.25
202511,2025-11-01,安平港,實櫃,35,70
202511,2025-11-01,安平港,空櫃,30,59
202511,2025-11-01,安平港,總計,65,129
202511,2025-11-01,港口別總計,實櫃,564851,900220
202511,2025-11-01,港口別總計,空櫃,111282,185522.5
202511,2025-11-01,港口別總計,總計,676133,1085742.5
202511,2025-11-01,臺中港,實櫃,71241,109564.25
202511,2025-11-01,臺中港,空櫃,12418,19924.25
202511,2025-11-01,臺中港,總計,83659,129488.5
202511,2025-11-01,臺北港,實櫃,64853,103549.5
202511,2025-11-01,臺北港,空櫃,11017,18161
202511,2025-11-01,臺北港,總計,75870,121710.5
202511,2025-11-01,高雄港,實櫃,365548,587265.5
202511,2025-11-01,高雄港,空櫃,65986,110560.75
202511,2025-11-01,高雄港,總計,431534,697826.25
202512,2025-12-01,基隆港,實櫃,65764,104634.25
202512,2025-12-01,基隆港,空櫃,24732,41217.25
202512,2025-12-01,基隆港,總計,90496,145851.5
202512,2025-12-01,安平港,實櫃,68,136
202512,2025-12-01,安平港,空櫃,30,60
202512,2025-12-01,安平港,總計,98,196
202512,2025-12-01,港口別總計,實櫃,626148,1006514.25
202512,2025-12-01,港口別總計,空櫃,126926,212197.25
202512,2025-12-01,港口別總計,總計,753074,1218711.5
202512,2025-12-01,臺中港,實櫃,78389,121601
202512,2025-12-01,臺中港,空櫃,15389,25547.25
202512,2025-12-01,臺中港,總計,93778,147148.25
202512,2025-12-01,臺北港,實櫃,79423,128184.5
202512,2025-12-01,臺北港,空櫃,12317,20380.75
202512,2025-12-01,臺北港,總計,91740,148565.25
202512,2025-12-01,高雄港,實櫃,402504,651958.5
202512,2025-12-01,高雄港,空櫃,74458,124992
202512,2025-12-01,高雄港,總計,476962,776950.5
202601,2026-01-01,基隆港,實櫃,64364,103341.75
202601,2026-01-01,基隆港,空櫃,26322,42946.75
202601,2026-01-01,基隆港,總計,90686,146288.5
202601,2026-01-01,安平港,實櫃,48,96
202601,2026-01-01,安平港,空櫃,45,90
202601,2026-01-01,安平港,總計,93,186
202601,2026-01-01,港口別總計,實櫃,603916,963745.5
202601,2026-01-01,港口別總計,空櫃,126745,208293.75
202601,2026-01-01,港口別總計,總計,730661,1172039.25
202601,2026-01-01,臺中港,實櫃,73760,113217.5
202601,2026-01-01,臺中港,空櫃,12292,20407.75
202601,2026-01-01,臺中港,總計,86052,133625.25
202601,2026-01-01,臺北港,實櫃,73197,116298.75
202601,2026-01-01,臺北港,空櫃,12192,21527.5
202601,2026-01-01,臺北港,總計,85389,137826.25
202601,2026-01-01,高雄港,實櫃,392547,630791.5
202601,2026-01-01,高雄港,空櫃,75894,123321.75
202601,2026-01-01,高雄港,總計,468441,754113.25
202602,2026-02-01,基隆港,實櫃,47181,75305.75
202602,2026-02-01,基隆港,空櫃,18967,32070.5
202602,2026-02-01,基隆港,總計,66148,107376.25
202602,2026-02-01,安平港,實櫃,16,32
202602,2026-02-01,安平港,空櫃,13,26
202602,2026-02-01,安平港,總計,29,58
202602,2026-02-01,港口別總計,實櫃,487116,774895.75
202602,2026-02-01,港口別總計,空櫃,99837,161128
202602,2026-02-01,港口別總計,總計,586953,936023.75
202602,2026-02-01,臺中港,實櫃,55223,85728.25
202602,2026-02-01,臺中港,空櫃,10440,17225
202602,2026-02-01,臺中港,總計,65663,102953.25
202602,2026-02-01,臺北港,實櫃,59281,93883.75
202602,2026-02-01,臺北港,空櫃,8671,14879.5
202602,2026-02-01,臺北港,總計,67952,108763.25
202602,2026-02-01,高雄港,實櫃,325415,519946
202602,2026-02-01,高雄港,空櫃,61746,96927
202602,2026-02-01,高雄港,總計,387161,616873
202603,2026-03-01,基隆港,實櫃,63521,100621
202603,2026-03-01,基隆港,空櫃,19255,31699.5
202603,2026-03-01,基隆港,總計,82776,132320.5
202603,2026-03-01,安平港,實櫃,13,26
202603,2026-03-01,安平港,空櫃,23,46
202603,2026-03-01,安平港,總計,36,72
202603,2026-03-01,港口別總計,實櫃,611782,969484.5
202603,2026-03-01,港口別總計,空櫃,126957,210783
202603,2026-03-01,港口別總計,總計,738739,1180267.5
202603,2026-03-01,臺中港,實櫃,76705,118358.75
202603,2026-03-01,臺中港,空櫃,13059,22032
202603,2026-03-01,臺中港,總計,89764,140390.75
202603,2026-03-01,臺北港,實櫃,77632,123379.25
202603,2026-03-01,臺北港,空櫃,14200,24076.25
202603,2026-03-01,臺北港,總計,91832,147455.5
202603,2026-03-01,高雄港,實櫃,393911,627099.5
202603,2026-03-01,高雄港,空櫃,80420,132929.25
202603,2026-03-01,高雄港,總計,474331,760028.75
202604,2026-04-01,基隆港,實櫃,63463,100956.75
202604,2026-04-01,基隆港,空櫃,23698,39314.75
202604,2026-04-01,基隆港,總計,87161,140271.5
202604,2026-04-01,安平港,實櫃,11,22
202604,2026-04-01,安平港,空櫃,0,0
202604,2026-04-01,安平港,總計,11,22
202604,2026-04-01,港口別總計,實櫃,571675,901195.5
202604,2026-04-01,港口別總計,空櫃,115740,192778
202604,2026-04-01,港口別總計,總計,687415,1093973.5
202604,2026-04-01,臺中港,實櫃,72823,111509
202604,2026-04-01,臺中港,空櫃,11314,18140.25
202604,2026-04-01,臺中港,總計,84137,129649.25
202604,2026-04-01,臺北港,實櫃,67249,106290.25
202604,2026-04-01,臺北港,空櫃,11390,19837.5
202604,2026-04-01,臺北港,總計,78639,126127.75
202604,2026-04-01,高雄港,實櫃,368129,582417.5
202604,2026-04-01,高雄港,空櫃,69338,115485.5
202604,2026-04-01,高雄港,總計,437467,697903
