年月,港口別,總計,進港,出港
200101,國際商港,757557.75,380881.75,376676
200101,基隆港,128067.5,71625,56442.5
200101,臺中港,73364.5,37248,36116.5
200101,高雄港,556125.75,272008.75,284117
200101,花蓮港,0,0,0
200101,臺北港,0,0,0
200101,蘇澳港,0,0,0
200101,安平港,0,0,0
200102,國際商港,775479.25,384994,390485.25
200102,基隆港,135388,71408,63980
200102,臺中港,82504.5,38857,43647.5
200102,高雄港,557450.75,274729,282721.75
200102,花蓮港,0,0,0
200102,臺北港,0,0,0
200102,蘇澳港,0,0,0
200102,安平港,136,0,136
200103,國際商港,929237.25,455451,473786.25
200103,基隆港,164022.5,83442.5,80580
200103,臺中港,99769.5,48189.5,51580
200103,高雄港,665324.25,323698,341626.25
200103,花蓮港,0,0,0
200103,臺北港,0,0,0
200103,蘇澳港,0,0,0
200103,安平港,121,121,0
200104,國際商港,874790.75,431107.75,443683
200104,基隆港,159412.75,83086,76326.75
200104,臺中港,91511,44988.5,46522.5
200104,高雄港,623570,302854.25,320715.75
200104,花蓮港,0,0,0
200104,臺北港,0,0,0
200104,蘇澳港,0,0,0
200104,安平港,297,179,118
200105,國際商港,901189.75,450308.25,450881.5
200105,基隆港,159886.25,82801,77085.25
200105,臺中港,92845,44158,48687
200105,高雄港,648223.5,323197.25,325026.25
200105,花蓮港,0,0,0
200105,臺北港,0,0,0
200105,蘇澳港,0,0,0
200105,安平港,235,152,83
200106,國際商港,876872.25,435343.5,441528.75
200106,基隆港,150410.75,76347,74063.75
200106,臺中港,86753.5,40632.5,46121
200106,高雄港,639708,318364,321344
200106,花蓮港,0,0,0
200106,臺北港,0,0,0
200106,蘇澳港,0,0,0
200106,安平港,0,0,0
200107,國際商港,875134.75,422328.25,452806.5
200107,基隆港,145429.25,73199.25,72230
200107,臺中港,87325,41426.5,45898.5
200107,高雄港,642080.5,307536.5,334544
200107,花蓮港,0,0,0
200107,臺北港,0,0,0
200107,蘇澳港,0,0,0
200107,安平港,300,166,134
200108,國際商港,908101.75,448936.75,459165
200108,基隆港,159979.75,80476,79503.75
200108,臺中港,90405,42969.5,47435.5
200108,高雄港,657400,325306.25,332093.75
200108,花蓮港,0,0,0
200108,臺北港,0,0,0
200108,蘇澳港,0,0,0
200108,安平港,317,185,132
200109,國際商港,850237.25,421380.75,428856.5
200109,基隆港,141274.5,75964,65310.5
200109,臺中港,92416,45593.5,46822.5
200109,高雄港,616287.75,299685.25,316602.5
200109,花蓮港,0,0,0
200109,臺北港,0,0,0
200109,蘇澳港,0,0,0
200109,安平港,259,138,121
200110,國際商港,910431.5,455572,454859.5
200110,基隆港,161445,82944.5,78500.5
200110,臺中港,90160.5,43072.5,47088
200110,高雄港,658826,329555,329271
200110,花蓮港,0,0,0
200110,臺北港,0,0,0
200110,蘇澳港,0,0,0
200110,安平港,0,0,0
200111,國際商港,883711.75,460760.5,422951.25
200111,基隆港,157577.75,85448,72129.75
200111,臺中港,92711,45794,46917
200111,高雄港,633107,329353.5,303753.5
200111,花蓮港,0,0,0
200111,臺北港,0,0,0
200111,蘇澳港,0,0,0
200111,安平港,316,165,151
200112,國際商港,884970,446878.5,438091.5
200112,基隆港,152960.5,79454.75,73505.75
200112,臺中港,89588.5,43369.5,46219
200112,高雄港,642421,324054.25,318366.75
200112,花蓮港,0,0,0
200112,臺北港,0,0,0
200112,蘇澳港,0,0,0
200112,安平港,0,0,0
200201,國際商港,851990.25,409861.5,442128.75
200201,基隆港,151924.75,78724,73200.75
200201,臺中港,90705,42669,48036
200201,高雄港,609013.5,288295.5,320718
200201,花蓮港,0,0,0
200201,臺北港,0,0,0
200201,蘇澳港,0,0,0
200201,安平港,347,173,174
200202,國際商港,736999.5,373344.75,363654.75
200202,基隆港,108587,54887,53700
200202,臺中港,74571,36208,38363
200202,高雄港,553571.5,282096.75,271474.75
200202,花蓮港,0,0,0
200202,臺北港,0,0,0
200202,蘇澳港,0,0,0
200202,安平港,270,153,117
200203,國際商港,973704,471060.25,502643.75
200203,基隆港,162129,79052.25,83076.75
200203,臺中港,105135,48439,56696
200203,高雄港,706440,343569,362871
200203,花蓮港,0,0,0
200203,臺北港,0,0,0
200203,蘇澳港,0,0,0
200203,安平港,0,0,0
200204,國際商港,975701.25,485279,490422.25
200204,基隆港,170404,88083.25,82320.75
200204,臺中港,105413,52336,53077
200204,高雄港,699324.25,344568.75,354755.5
200204,花蓮港,0,0,0
200204,臺北港,0,0,0
200204,蘇澳港,0,0,0
200204,安平港,560,291,269
200205,國際商港,1003510.75,504414.25,499096.5
200205,基隆港,172430.25,88169.25,84261
200205,臺中港,102999,49258,53741
200205,高雄港,727818.5,366850,360968.5
200205,花蓮港,0,0,0
200205,臺北港,0,0,0
200205,蘇澳港,0,0,0
200205,安平港,263,137,126
200206,國際商港,993662,495339.75,498322.25
200206,基隆港,166514.75,85856,80658.75
200206,臺中港,98975,47158,51817
200206,高雄港,728036.25,362325.75,365710.5
200206,花蓮港,0,0,0
200206,臺北港,0,0,0
200206,蘇澳港,0,0,0
200206,安平港,136,0,136
200207,國際商港,998832.25,490804.75,508027.5
200207,基隆港,164054.75,81993.75,82061
200207,臺中港,96728.5,47779.5,48949
200207,高雄港,737639,360751.5,376887.5
200207,花蓮港,0,0,0
200207,臺北港,0,0,0
200207,蘇澳港,0,0,0
200207,安平港,410,280,130
200208,國際商港,999842.5,498223.5,501619
200208,基隆港,166590.5,84971,81619.5
200208,臺中港,100958,48218,52740
200208,高雄港,732039,364903.5,367135.5
200208,花蓮港,0,0,0
200208,臺北港,0,0,0
200208,蘇澳港,0,0,0
200208,安平港,255,131,124
200209,國際商港,971733.75,483139.5,488594.25
200209,基隆港,152506.75,77911.25,74595.5
200209,臺中港,90469,43940,46529
200209,高雄港,728522,361161.25,367360.75
200209,花蓮港,0,0,0
200209,臺北港,0,0,0
200209,蘇澳港,0,0,0
200209,安平港,236,127,109
200210,國際商港,1007133.75,505524.25,501609.5
200210,基隆港,170634,85817.75,84816.25
200210,臺中港,109802,53430,56372
200210,高雄港,726437.75,366157.5,360280.25
200210,花蓮港,0,0,0
200210,臺北港,0,0,0
200210,蘇澳港,0,0,0
200210,安平港,260,119,141
200211,國際商港,1050439.25,528669.5,521769.75
200211,基隆港,161313.5,82956.75,78356.75
200211,臺中港,109618,52898,56720
200211,高雄港,779201.75,392660.75,386541
200211,花蓮港,0,0,0
200211,臺北港,0,0,0
200211,蘇澳港,0,0,0
200211,安平港,306,154,152
200212,國際商港,1045084.75,533024.75,512060
200212,基隆港,171508.25,89728.75,81779.5
200212,臺中港,108283,54334,53949
200212,高雄港,765008.5,388834,376174.5
200212,花蓮港,0,0,0
200212,臺北港,0,0,0
200212,蘇澳港,0,0,0
200212,安平港,285,128,157
200301,國際商港,909225.5,456361.75,452863.75
200301,基隆港,160554,85286.75,75267.25
200301,臺中港,98054,47499,50555
200301,高雄港,650155.5,323419,326736.5
200301,花蓮港,0,0,0
200301,臺北港,0,0,0
200301,蘇澳港,0,0,0
200301,安平港,462,157,305
200302,國際商港,914252.75,468877.25,445375.5
200302,基隆港,128754.25,68218.25,60536
200302,臺中港,86017,41837,44180
200302,高雄港,699177.5,358647,340530.5
200302,花蓮港,0,0,0
200302,臺北港,0,0,0
200302,蘇澳港,0,0,0
200302,安平港,304,175,129
200303,國際商港,1062701,525351.25,537349.75
200303,基隆港,174986.25,89745.25,85241
200303,臺中港,109077.5,51329.5,57748
200303,高雄港,778216.25,384015.5,394200.75
200303,花蓮港,0,0,0
200303,臺北港,0,0,0
200303,蘇澳港,0,0,0
200303,安平港,421,261,160
200304,國際商港,1056592,528618.75,527973.25
200304,基隆港,168483.25,85964,82519.25
200304,臺中港,105492.5,52289.5,53203
200304,高雄港,782326.25,390218.25,392108
200304,花蓮港,0,0,0
200304,臺北港,0,0,0
200304,蘇澳港,0,0,0
200304,安平港,290,147,143
200305,國際商港,1010252.75,506445.75,503807
200305,基隆港,169200,85293.25,83906.75
200305,臺中港,105028,49989,55039
200305,高雄港,736024.75,371163.5,364861.25
200305,花蓮港,0,0,0
200305,臺北港,0,0,0
200305,蘇澳港,0,0,0
200305,安平港,0,0,0
200306,國際商港,968688,477867.25,490820.75
200306,基隆港,167686.5,84478.75,83207.75
200306,臺中港,100132.5,47416.5,52716
200306,高雄港,700522,345756,354766
200306,花蓮港,0,0,0
200306,臺北港,0,0,0
200306,蘇澳港,0,0,0
200306,安平港,347,216,131
200307,國際商港,1015172,509003.25,506168.75
200307,基隆港,168040.25,86554.5,81485.75
200307,臺中港,100775.5,48567,52208.5
200307,高雄港,745863.25,373691.75,372171.5
200307,花蓮港,0,0,0
200307,臺北港,0,0,0
200307,蘇澳港,0,0,0
200307,安平港,493,190,303
200308,國際商港,1041232.5,522429,518803.5
200308,基隆港,161341.75,81728.25,79613.5
200308,臺中港,101043,48478,52565
200308,高雄港,778556.75,392077.75,386479
200308,花蓮港,0,0,0
200308,臺北港,0,0,0
200308,蘇澳港,0,0,0
200308,安平港,291,145,146
200309,國際商港,973700,491431.25,482268.75
200309,基隆港,166410.5,87027,79383.5
200309,臺中港,105185,52188,52997
200309,高雄港,701691.5,351948.25,349743.25
200309,花蓮港,0,0,0
200309,臺北港,0,0,0
200309,蘇澳港,0,0,0
200309,安平港,413,268,145
200310,國際商港,1040447.5,516197,524250.5
200310,基隆港,179178.5,93226.25,85952.25
200310,臺中港,110371,51145,59226
200310,高雄港,750598,371658.75,378939.25
200310,花蓮港,0,0,0
200310,臺北港,0,0,0
200310,蘇澳港,0,0,0
200310,安平港,300,167,133
200311,國際商港,1027969,522379.25,505589.75
200311,基隆港,174205.75,92667,81538.75
200311,臺中港,105422,49349,56073
200311,高雄港,747642.25,380019.25,367623
200311,花蓮港,0,0,0
200311,臺北港,0,0,0
200311,蘇澳港,0,0,0
200311,安平港,699,344,355
200312,國際商港,1074519.75,543920.75,530599
200312,基隆港,181865.5,99686.5,82179
200312,臺中港,119429,57798,61631
200312,高雄港,772591.25,386129.25,386462
200312,花蓮港,0,0,0
200312,臺北港,0,0,0
200312,蘇澳港,0,0,0
200312,安平港,634,307,327
200401,國際商港,992600.75,510248.75,482352
200401,基隆港,151207,81875.25,69331.75
200401,臺中港,95826,46660,49166
200401,高雄港,744969.75,381448.5,363521.25
200401,花蓮港,0,0,0
200401,臺北港,0,0,0
200401,蘇澳港,0,0,0
200401,安平港,598,265,333
200402,國際商港,999256.75,493019.75,506237
200402,基隆港,157976.5,79110,78866.5
200402,臺中港,103292,47965,55327
200402,高雄港,737405.25,365642.75,371762.5
200402,花蓮港,0,0,0
200402,臺北港,0,0,0
200402,蘇澳港,0,0,0
200402,安平港,583,302,281
200403,國際商港,1116437.5,557983.25,558454.25
200403,基隆港,180574.75,93486.75,87088
200403,臺中港,108894,53294,55600
200403,高雄港,826429.75,410921.5,415508.25
200403,花蓮港,0,0,0
200403,臺北港,0,0,0
200403,蘇澳港,0,0,0
200403,安平港,539,281,258
200404,國際商港,1119367.75,567995.75,551372
200404,基隆港,180160,93822.5,86337.5
200404,臺中港,106731,49401,57330
200404,高雄港,831983.75,424518.25,407465.5
200404,花蓮港,0,0,0
200404,臺北港,0,0,0
200404,蘇澳港,0,0,0
200404,安平港,493,254,239
200405,國際商港,1134366.25,563456,570910.25
200405,基隆港,187085.5,96745.5,90340
200405,臺中港,106384,48853,57531
200405,高雄港,840696.75,417762.5,422934.25
200405,花蓮港,0,0,0
200405,臺北港,0,0,0
200405,蘇澳港,0,0,0
200405,安平港,200,95,105
200406,國際商港,1112153.25,555061,557092.25
200406,基隆港,181932.25,96381.25,85551
200406,臺中港,99400,47601,51799
200406,高雄港,830406,410858.75,419547.25
200406,花蓮港,0,0,0
200406,臺北港,0,0,0
200406,蘇澳港,0,0,0
200406,安平港,415,220,195
200407,國際商港,1116739,557757,558982
200407,基隆港,178172.5,92040,86132.5
200407,臺中港,108292,49224,59068
200407,高雄港,829880.5,416310,413570.5
200407,花蓮港,0,0,0
200407,臺北港,0,0,0
200407,蘇澳港,0,0,0
200407,安平港,394,183,211
200408,國際商港,1095549.75,544287.25,551262.5
200408,基隆港,162251.25,82365.75,79885.5
200408,臺中港,99419,47292,52127
200408,高雄港,833556.5,414481.5,419075
200408,花蓮港,0,0,0
200408,臺北港,0,0,0
200408,蘇澳港,0,0,0
200408,安平港,323,148,175
200409,國際商港,1080543,536392,544151
200409,基隆港,168189.25,85145,83044.25
200409,臺中港,104973.5,50374,54599.5
200409,高雄港,806884.25,400594,406290.25
200409,花蓮港,0,0,0
200409,臺北港,0,0,0
200409,蘇澳港,0,0,0
200409,安平港,496,279,217
200410,國際商港,1083365,541074.25,542290.75
200410,基隆港,175916.25,90564.25,85352
200410,臺中港,105552,48403,57149
200410,高雄港,801662.75,401996,399666.75
200410,花蓮港,0,0,0
200410,臺北港,0,0,0
200410,蘇澳港,0,0,0
200410,安平港,234,111,123
200411,國際商港,1093926,551558.5,542367.5
200411,基隆港,176444.25,93467.25,82977
200411,臺中港,104334,50736,53598
200411,高雄港,813147.75,407355.25,405792.5
200411,花蓮港,0,0,0
200411,臺北港,0,0,0
200411,蘇澳港,0,0,0
200411,安平港,0,0,0
200412,國際商港,1090056.75,565109.75,524947
200412,基隆港,170282.5,92532.5,77750
200412,臺中港,102088,50798,51290
200412,高雄港,817092.25,421436.25,395656
200412,花蓮港,0,0,0
200412,臺北港,0,0,0
200412,蘇澳港,0,0,0
200412,安平港,594,343,251
200501,國際商港,1059429.5,529856.75,529572.75
200501,基隆港,183444.75,95378,88066.75
200501,臺中港,102644,49173,53471
200501,高雄港,772670.75,384950.75,387720
200501,花蓮港,0,0,0
200501,臺北港,0,0,0
200501,蘇澳港,0,0,0
200501,安平港,670,355,315
200502,國際商港,891418.5,452295,439123.5
200502,基隆港,120651.25,62774.25,57877
200502,臺中港,86293,42945,43348
200502,高雄港,684086.25,346366.75,337719.5
200502,花蓮港,0,0,0
200502,臺北港,0,0,0
200502,蘇澳港,0,0,0
200502,安平港,388,209,179
200503,國際商港,1139344.25,572867.75,566476.5
200503,基隆港,177443.25,90799,86644.25
200503,臺中港,107997,50144,57853
200503,高雄港,853692,431844.75,421847.25
200503,花蓮港,0,0,0
200503,臺北港,0,0,0
200503,蘇澳港,0,0,0
200503,安平港,212,80,132
200504,國際商港,1080493,543211.5,537281.5
200504,基隆港,177870.75,90712.75,87158
200504,臺中港,103579,49840,53739
200504,高雄港,798523.25,402360.75,396162.5
200504,花蓮港,0,0,0
200504,臺北港,0,0,0
200504,蘇澳港,0,0,0
200504,安平港,520,298,222
200505,國際商港,1119418,558382.5,561035.5
200505,基隆港,181862,92327.25,89534.75
200505,臺中港,106150,51602,54548
200505,高雄港,831004,414248.25,416755.75
200505,花蓮港,0,0,0
200505,臺北港,0,0,0
200505,蘇澳港,0,0,0
200505,安平港,402,205,197
200506,國際商港,1120578.25,552082.5,568495.75
200506,基隆港,181588,94467.25,87120.75
200506,臺中港,107298,51086,56212
200506,高雄港,831084.25,406242.25,424842
200506,花蓮港,0,0,0
200506,臺北港,0,0,0
200506,蘇澳港,0,0,0
200506,安平港,608,287,321
200507,國際商港,1039317.5,518965.75,520351.75
200507,基隆港,168313.25,86774,81539.25
200507,臺中港,99300,46460,52840
200507,高雄港,771483.25,385598.75,385884.5
200507,花蓮港,0,0,0
200507,臺北港,0,0,0
200507,蘇澳港,0,0,0
200507,安平港,221,133,88
200508,國際商港,1091605.5,546694.5,544911
200508,基隆港,171906,89031,82875
200508,臺中港,99768,48390,51378
200508,高雄港,819503.5,409082.5,410421
200508,花蓮港,0,0,0
200508,臺北港,0,0,0
200508,蘇澳港,0,0,0
200508,安平港,428,191,237
200509,國際商港,1045886.75,519755.75,526131
200509,基隆港,171183.25,87416.75,83766.5
200509,臺中港,100373,48633,51740
200509,高雄港,773875.5,383470,390405.5
200509,花蓮港,0,0,0
200509,臺北港,0,0,0
200509,蘇澳港,0,0,0
200509,安平港,455,236,219
200510,國際商港,1076035,538941.75,537093.25
200510,基隆港,187183.75,96767,90416.75
200510,臺中港,106920,50679,56241
200510,高雄港,781452.25,391280.75,390171.5
200510,花蓮港,0,0,0
200510,臺北港,0,0,0
200510,蘇澳港,0,0,0
200510,安平港,479,215,264
200511,國際商港,1058036,542468.75,515567.25
200511,基隆港,181889.75,95761.25,86128.5
200511,臺中港,105181,52390,52791
200511,高雄港,770523.25,394117.5,376405.75
200511,花蓮港,0,0,0
200511,臺北港,0,0,0
200511,蘇澳港,0,0,0
200511,安平港,442,200,242
200512,國際商港,1075250.5,546398.25,528852.25
200512,基隆港,188121.75,101885.75,86236
200512,臺中港,103412,48973,54439
200512,高雄港,783157.75,395232.5,387925.25
200512,花蓮港,0,0,0
200512,臺北港,0,0,0
200512,蘇澳港,0,0,0
200512,安平港,559,307,252
200601,國際商港,1032343.25,517112.75,515230.5
200601,基隆港,168201.75,85954,82247.75
200601,臺中港,95218,47209,48009
200601,高雄港,768458.5,383673.75,384784.75
200601,花蓮港,0,0,0
200601,臺北港,0,0,0
200601,蘇澳港,0,0,0
200601,安平港,465,276,189
200602,國際商港,924127.5,464970.5,459157
200602,基隆港,153662.5,81213,72449.5
200602,臺中港,85093,38925,46168
200602,高雄港,684897,344602.5,340294.5
200602,花蓮港,0,0,0
200602,臺北港,0,0,0
200602,蘇澳港,0,0,0
200602,安平港,475,230,245
200603,國際商港,1123166,556507.5,566658.5
200603,基隆港,178491,91562.25,86928.75
200603,臺中港,107089,50181,56908
200603,高雄港,837146,414564.25,422581.75
200603,花蓮港,0,0,0
200603,臺北港,0,0,0
200603,蘇澳港,0,0,0
200603,安平港,440,200,240
200604,國際商港,1100366.5,545166.5,555200
200604,基隆港,184174.75,94596.5,89578.25
200604,臺中港,104287,48799,55488
200604,高雄港,811208.75,401396,409812.75
200604,花蓮港,0,0,0
200604,臺北港,0,0,0
200604,蘇澳港,0,0,0
200604,安平港,696,375,321
200605,國際商港,1139454,565486.5,573967.5
200605,基隆港,180716.25,91342,89374.25
200605,臺中港,103551,49567,53984
200605,高雄港,854908.75,424410.5,430498.25
200605,花蓮港,0,0,0
200605,臺北港,0,0,0
200605,蘇澳港,0,0,0
200605,安平港,278,167,111
200606,國際商港,1096102.25,546169.25,549933
200606,基隆港,176875.5,89836.75,87038.75
200606,臺中港,105597,50576,55021
200606,高雄港,813015.75,405461.5,407554.25
200606,花蓮港,0,0,0
200606,臺北港,0,0,0
200606,蘇澳港,0,0,0
200606,安平港,614,295,319
200607,國際商港,1090403,538073.75,552329.25
200607,基隆港,174221.5,88975,85246.5
200607,臺中港,103461,48434,55027
200607,高雄港,812297.5,400436.75,411860.75
200607,花蓮港,0,0,0
200607,臺北港,0,0,0
200607,蘇澳港,0,0,0
200607,安平港,423,228,195
200608,國際商港,1144108,570670.5,573437.5
200608,基隆港,178453,91408.5,87044.5
200608,臺中港,102677,48719,53958
200608,高雄港,862517,430311,432206
200608,花蓮港,0,0,0
200608,臺北港,0,0,0
200608,蘇澳港,0,0,0
200608,安平港,461,232,229
200609,國際商港,1099504.75,548592.75,550912
200609,基隆港,182474.25,94220.5,88253.75
200609,臺中港,96336,46704,49632
200609,高雄港,820207.5,407422.25,412785.25
200609,花蓮港,0,0,0
200609,臺北港,0,0,0
200609,蘇澳港,0,0,0
200609,安平港,487,246,241
200610,國際商港,1097544.75,544594,552950.75
200610,基隆港,178899.5,93916.5,84983
200610,臺中港,94747,45341,49406
200610,高雄港,823271.25,405017.5,418253.75
200610,花蓮港,0,0,0
200610,臺北港,0,0,0
200610,蘇澳港,0,0,0
200610,安平港,627,319,308
200611,國際商港,1111530.5,542472.75,569057.75
200611,基隆港,180106.75,91319.5,88787.25
200611,臺中港,98461,46986,51475
200611,高雄港,832515.75,403933.25,428582.5
200611,花蓮港,0,0,0
200611,臺北港,0,0,0
200611,蘇澳港,0,0,0
200611,安平港,447,234,213
200612,國際商港,1149245.25,576537.75,572707.5
200612,基隆港,192538.5,97168.75,95369.75
200612,臺中港,102013,50229,51784
200612,高雄港,854226.75,428934,425292.75
200612,花蓮港,0,0,0
200612,臺北港,0,0,0
200612,蘇澳港,0,0,0
200612,安平港,467,206,261
200701,國際商港,1126325.75,553632.25,572693.5
200701,基隆港,180554.75,89756.75,90798
200701,臺中港,96950,46969,49981
200701,高雄港,848276,416620.5,431655.5
200701,花蓮港,0,0,0
200701,臺北港,0,0,0
200701,蘇澳港,0,0,0
200701,安平港,545,286,259
200702,國際商港,983290.75,508606.5,474684.25
200702,基隆港,144590.5,76926.5,67664
200702,臺中港,77572,39630,37942
200702,高雄港,760620.25,391819,368801.25
200702,花蓮港,0,0,0
200702,臺北港,0,0,0
200702,蘇澳港,0,0,0
200702,安平港,508,231,277
200703,國際商港,1133059.25,553378,579681.25
200703,基隆港,180181.25,88652.5,91528.75
200703,臺中港,108207,50209,57998
200703,高雄港,844462,414436.5,430025.5
200703,花蓮港,0,0,0
200703,臺北港,0,0,0
200703,蘇澳港,0,0,0
200703,安平港,209,80,129
200704,國際商港,1132570,566782.75,565787.25
200704,基隆港,191216.5,98970,92246.5
200704,臺中港,99769,46880,52889
200704,高雄港,840772.5,420482.75,420289.75
200704,花蓮港,0,0,0
200704,臺北港,0,0,0
200704,蘇澳港,0,0,0
200704,安平港,812,450,362
200705,國際商港,1145387.5,572690,572697.5
200705,基隆港,194639.5,99559,95080.5
200705,臺中港,106235,49831,56404
200705,高雄港,843999,423041,420958
200705,花蓮港,0,0,0
200705,臺北港,0,0,0
200705,蘇澳港,0,0,0
200705,安平港,514,259,255
200706,國際商港,1137711.5,581265,556446.5
200706,基隆港,190154.25,97876,92278.25
200706,臺中港,109643,53907,55736
200706,高雄港,837675.25,429383,408292.25
200706,花蓮港,0,0,0
200706,臺北港,0,0,0
200706,蘇澳港,0,0,0
200706,安平港,239,99,140
200707,國際商港,1175279.25,584256.25,591023
200707,基隆港,193360.5,97851.5,95509
200707,臺中港,106724,50487,56237
200707,高雄港,874631.75,435619.75,439012
200707,花蓮港,0,0,0
200707,臺北港,0,0,0
200707,蘇澳港,0,0,0
200707,安平港,563,298,265
200708,國際商港,1175024,594487.5,580536.5
200708,基隆港,191797,98413.25,93383.75
200708,臺中港,105316,48961,56355
200708,高雄港,877393,446800.25,430592.75
200708,花蓮港,0,0,0
200708,臺北港,0,0,0
200708,蘇澳港,0,0,0
200708,安平港,518,313,205
200709,國際商港,1134068,572606.5,561461.5
200709,基隆港,179023.25,93257,85766.25
200709,臺中港,103709,49337,54372
200709,高雄港,850733.75,429668.5,421065.25
200709,花蓮港,0,0,0
200709,臺北港,0,0,0
200709,蘇澳港,0,0,0
200709,安平港,602,344,258
200710,國際商港,1195235.5,592437,602798.5
200710,基隆港,194693.75,99975.75,94718
200710,臺中港,107590,50149,57441
200710,高雄港,892332.75,442041.25,450291.5
200710,花蓮港,0,0,0
200710,臺北港,0,0,0
200710,蘇澳港,0,0,0
200710,安平港,619,271,348
200711,國際商港,1160843.5,588464,572379.5
200711,基隆港,182551.25,93897.25,88654
200711,臺中港,107079,51767,55312
200711,高雄港,870610.25,442399.75,428210.5
200711,花蓮港,0,0,0
200711,臺北港,0,0,0
200711,蘇澳港,0,0,0
200711,安平港,603,400,203
200712,國際商港,1227756.25,619718.5,608037.75
200712,基隆港,192720.25,101096.5,91623.75
200712,臺中港,118956,58734,60222
200712,高雄港,915323,459576,455747
200712,花蓮港,0,0,0
200712,臺北港,0,0,0
200712,蘇澳港,0,0,0
200712,安平港,757,312,445
200801,國際商港,1156568,584645.75,571922.25
200801,基隆港,181878.5,95646.5,86232
200801,臺中港,106942,51827,55115
200801,高雄港,867112.5,436812.25,430300.25
200801,花蓮港,0,0,0
200801,臺北港,0,0,0
200801,蘇澳港,0,0,0
200801,安平港,635,360,275
200802,國際商港,995293.75,506656.75,488637
200802,基隆港,143905.75,71508.5,72397.25
200802,臺中港,94073,47357,46716
200802,高雄港,756699,387459.25,369239.75
200802,花蓮港,0,0,0
200802,臺北港,0,0,0
200802,蘇澳港,0,0,0
200802,安平港,616,332,284
200803,國際商港,1150951.75,570054.5,580897.25
200803,基隆港,192263.75,96879.5,95384.25
200803,臺中港,121377,57815,63562
200803,高雄港,836790,415075,421715
200803,花蓮港,0,0,0
200803,臺北港,0,0,0
200803,蘇澳港,0,0,0
200803,安平港,521,285,236
200804,國際商港,1122804.25,566873,555931.25
200804,基隆港,188100.25,96799,91301.25
200804,臺中港,102294,49675,52619
200804,高雄港,831896,420160,411736
200804,花蓮港,0,0,0
200804,臺北港,0,0,0
200804,蘇澳港,0,0,0
200804,安平港,514,239,275
200805,國際商港,1163133.25,577115.75,586017.5
200805,基隆港,190976,95195.75,95780.25
200805,臺中港,112838,56136,56702
200805,高雄港,858780.25,425530,433250.25
200805,花蓮港,0,0,0
200805,臺北港,0,0,0
200805,蘇澳港,0,0,0
200805,安平港,539,254,285
200806,國際商港,1114963,551454,563509
200806,基隆港,180759.25,89602,91157.25
200806,臺中港,102701,48962,53739
200806,高雄港,830632.75,412453,418179.75
200806,花蓮港,0,0,0
200806,臺北港,0,0,0
200806,蘇澳港,0,0,0
200806,安平港,870,437,433
200807,國際商港,1157592.75,589589.75,568003
200807,基隆港,179415,91705.75,87709.25
200807,臺中港,104823,53279,51544
200807,高雄港,872788.75,444326,428462.75
200807,花蓮港,0,0,0
200807,臺北港,0,0,0
200807,蘇澳港,0,0,0
200807,安平港,566,279,287
200808,國際商港,1161146.75,564697.75,596449
200808,基隆港,181086,89091.75,91994.25
200808,臺中港,108897,53136,55761
200808,高雄港,870658.75,422192,448466.75
200808,花蓮港,0,0,0
200808,臺北港,0,0,0
200808,蘇澳港,0,0,0
200808,安平港,505,278,227
200809,國際商港,1038311.5,507423.75,530887.75
200809,基隆港,163720.5,82294.75,81425.75
200809,臺中港,81907,40373,41534
200809,高雄港,792398,384613,407785
200809,花蓮港,0,0,0
200809,臺北港,0,0,0
200809,蘇澳港,0,0,0
200809,安平港,286,143,143
200810,國際商港,1064837,518271.5,546565.5
200810,基隆港,166147.75,83224.25,82923.5
200810,臺中港,95754,46094,49660
200810,高雄港,802658.25,388818.25,413840
200810,花蓮港,0,0,0
200810,臺北港,0,0,0
200810,蘇澳港,0,0,0
200810,安平港,277,135,142
200811,國際商港,903782,461998.5,441783.5
200811,基隆港,148964.25,75871,73093.25
200811,臺中港,101115,51239,49876
200811,高雄港,653408.75,334735.5,318673.25
200811,花蓮港,0,0,0
200811,臺北港,0,0,0
200811,蘇澳港,0,0,0
200811,安平港,294,153,141
200812,國際商港,948009,489935.5,458073.5
200812,基隆港,138041,74186.75,63854.25
200812,臺中港,106691,56776,49915
200812,高雄港,702731,358671.75,344059.25
200812,花蓮港,0,0,0
200812,臺北港,0,0,0
200812,蘇澳港,0,0,0
200812,安平港,546,301,245
200901,國際商港,809565.25,406694.75,402870.5
200901,基隆港,104787.75,52287,52500.75
200901,臺中港,85190,42639,42551
200901,高雄港,619129.5,311540.75,307588.75
200901,花蓮港,0,0,0
200901,臺北港,0,0,0
200901,蘇澳港,0,0,0
200901,安平港,458,228,230
200902,國際商港,745250.75,373425.5,371825.25
200902,基隆港,111767.25,55335.5,56431.75
200902,臺中港,80849,36875,43974
200902,高雄港,551229.5,280264,270965.5
200902,花蓮港,0,0,0
200902,臺北港,1405,951,454
200902,蘇澳港,0,0,0
200902,安平港,0,0,0
200903,國際商港,977417.25,499517.25,477900
200903,基隆港,133831.25,68469.5,65361.75
200903,臺中港,104116,52053,52063
200903,高雄港,718842.25,367386,351456.25
200903,花蓮港,0,0,0
200903,臺北港,20627.75,11608.75,9019
200903,蘇澳港,0,0,0
200903,安平港,0,0,0
200904,國際商港,982027.5,497824,484203.5
200904,基隆港,129529.25,69728.75,59800.5
200904,臺中港,99237,47625,51612
200904,高雄港,727478.75,366447.25,361031.5
200904,花蓮港,0,0,0
200904,臺北港,25782.5,14023,11759.5
200904,蘇澳港,0,0,0
200904,安平港,0,0,0
200905,國際商港,991321.25,498733.75,492587.5
200905,基隆港,138500.75,72809,65691.75
200905,臺中港,97706,46855,50851
200905,高雄港,721141.5,364998.25,356143.25
200905,花蓮港,0,0,0
200905,臺北港,33973,14071.5,19901.5
200905,蘇澳港,0,0,0
200905,安平港,0,0,0
200906,國際商港,981078.25,489666,491412.25
200906,基隆港,131729.75,68694.25,63035.5
200906,臺中港,101502,50270,51232
200906,高雄港,711038.75,352366,358672.75
200906,花蓮港,0,0,0
200906,臺北港,36807.75,18335.75,18472
200906,蘇澳港,0,0,0
200906,安平港,0,0,0
200907,國際商港,1010849.75,500576.5,510273.25
200907,基隆港,133652.75,68550.75,65102
200907,臺中港,101720,50527,51193
200907,高雄港,730282.5,360219.5,370063
200907,花蓮港,0,0,0
200907,臺北港,45194.5,21279.25,23915.25
200907,蘇澳港,0,0,0
200907,安平港,0,0,0
200908,國際商港,1035946.5,516426.75,519519.75
200908,基隆港,135581,69484.25,66096.75
200908,臺中港,103401,49636,53765
200908,高雄港,758432.5,378917.5,379515
200908,花蓮港,0,0,0
200908,臺北港,38532,18389,20143
200908,蘇澳港,0,0,0
200908,安平港,0,0,0
200909,國際商港,1028659,512028.25,516630.75
200909,基隆港,134222.25,71937.25,62285
200909,臺中港,98587,49767,48820
200909,高雄港,755041.75,368947.25,386094.5
200909,花蓮港,0,0,0
200909,臺北港,40808,21376.75,19431.25
200909,蘇澳港,0,0,0
200909,安平港,0,0,0
200910,國際商港,1054315,528029.75,526285.25
200910,基隆港,136348.75,69155.75,67193
200910,臺中港,103024,50184,52840
200910,高雄港,775144.25,389165.25,385979
200910,花蓮港,0,0,0
200910,臺北港,39798,19524.75,20273.25
200910,蘇澳港,0,0,0
200910,安平港,0,0,0
200911,國際商港,1023757.75,512045,511712.75
200911,基隆港,139884.75,72496.25,67388.5
200911,臺中港,105440,51519,53921
200911,高雄港,743209.75,370213.75,372996
200911,花蓮港,0,0,0
200911,臺北港,35223.25,17816,17407.25
200911,蘇澳港,0,0,0
200911,安平港,0,0,0
200912,國際商港,1070087.5,540906.25,529181.25
200912,基隆港,147989,78796.25,69192.75
200912,臺中港,113171,56058,57113
200912,高雄港,770302,387201,383101
200912,花蓮港,0,0,0
200912,臺北港,38625.5,18851,19774.5
200912,蘇澳港,0,0,0
200912,安平港,0,0,0
201001,國際商港,1057823.5,520257.5,537566
201001,基隆港,144383,75157.5,69225.5
201001,臺中港,109899,52603,57296
201001,高雄港,765839.25,374463.5,391375.75
201001,花蓮港,0,0,0
201001,臺北港,37702.25,18033.5,19668.75
201001,蘇澳港,0,0,0
201001,安平港,0,0,0
201002,國際商港,835421.5,422936.5,412485
201002,基隆港,104604.5,55385.75,49218.75
201002,臺中港,78222,39485,38737
201002,高雄港,618895,311433.75,307461.25
201002,花蓮港,0,0,0
201002,臺北港,33700,16632,17068
201002,蘇澳港,0,0,0
201002,安平港,0,0,0
201003,國際商港,1085482.25,527892.25,557590
201003,基隆港,153020.25,77912,75108.25
201003,臺中港,114403,53467,60936
201003,高雄港,780649.25,379403.25,401246
201003,花蓮港,0,0,0
201003,臺北港,37409.75,17110,20299.75
201003,蘇澳港,0,0,0
201003,安平港,0,0,0
201004,國際商港,1096036.5,542323.75,553712.75
201004,基隆港,152165.25,75470.5,76694.75
201004,臺中港,113512,55538,57974
201004,高雄港,790819.25,391844.25,398975
201004,花蓮港,0,0,0
201004,臺北港,39540,19471,20069
201004,蘇澳港,0,0,0
201004,安平港,0,0,0
201005,國際商港,1123634.5,547769.25,575865.25
201005,基隆港,159619,79971.5,79647.5
201005,臺中港,119490,57248,62242
201005,高雄港,805130.25,393294.5,411835.75
201005,花蓮港,0,0,0
201005,臺北港,39395.25,17255.25,22140
201005,蘇澳港,0,0,0
201005,安平港,0,0,0
201006,國際商港,1083177.5,534555.75,548621.75
201006,基隆港,150545.75,79163.5,71382.25
201006,臺中港,109617,55827,53790
201006,高雄港,791334,386568.5,404765.5
201006,花蓮港,0,0,0
201006,臺北港,31680.75,12996.75,18684
201006,蘇澳港,0,0,0
201006,安平港,0,0,0
201007,國際商港,1072643.75,531986.25,540657.5
201007,基隆港,156322.25,80866.25,75456
201007,臺中港,117549,58659,58890
201007,高雄港,765153.5,377203.25,387950.25
201007,花蓮港,0,0,0
201007,臺北港,33619,15257.75,18361.25
201007,蘇澳港,0,0,0
201007,安平港,0,0,0
201008,國際商港,1072140.75,534918.5,537222.25
201008,基隆港,150761.75,80251,70510.75
201008,臺中港,120312,59111,61201
201008,高雄港,768460,380934.75,387525.25
201008,花蓮港,0,0,0
201008,臺北港,32607,14621.75,17985.25
201008,蘇澳港,0,0,0
201008,安平港,0,0,0
201009,國際商港,1031277.75,524045.75,507232
201009,基隆港,148376.25,78698,69678.25
201009,臺中港,110372,56263,54109
201009,高雄港,738958.5,374271.25,364687.25
201009,花蓮港,0,0,0
201009,臺北港,33571,14813.5,18757.5
201009,蘇澳港,0,0,0
201009,安平港,0,0,0
201010,國際商港,1030094.75,517413,512681.75
201010,基隆港,140093.75,71775,68318.75
201010,臺中港,121663,59200,62463
201010,高雄港,732516,369009.75,363506.25
201010,花蓮港,0,0,0
201010,臺北港,35822,17428.25,18393.75
201010,蘇澳港,0,0,0
201010,安平港,0,0,0
201011,國際商港,1103774,558978.75,544795.25
201011,基隆港,151885.5,81640.75,70244.75
201011,臺中港,116153,58379,57774
201011,高雄港,797312.25,401012.25,396300
201011,花蓮港,0,0,0
201011,臺北港,38423.25,17946.75,20476.5
201011,蘇澳港,0,0,0
201011,安平港,0,0,0
201012,國際商港,1145300,585905.25,559394.75
201012,基隆港,152122.5,82482.25,69640.25
201012,臺中港,125760,65370,60390
201012,高雄港,826143.25,417601.5,408541.75
201012,花蓮港,0,0,0
201012,臺北港,41274.25,20451.5,20822.75
201012,蘇澳港,0,0,0
201012,安平港,0,0,0
201101,國際商港,1098405.75,557902.25,540503.5
201101,基隆港,148839.5,77918,70921.5
201101,臺中港,117312,60193,57119
201101,高雄港,792302.25,399642.75,392659.5
201101,花蓮港,0,0,0
201101,臺北港,39952,20148.5,19803.5
201101,蘇澳港,0,0,0
201101,安平港,0,0,0
201102,國際商港,916425.25,450906.75,465518.5
201102,基隆港,107250.25,54087.75,53162.5
201102,臺中港,97603,45999,51604
201102,高雄港,677684.5,333338.25,344346.25
201102,花蓮港,0,0,0
201102,臺北港,33887.5,17481.75,16405.75
201102,蘇澳港,0,0,0
201102,安平港,0,0,0
201103,國際商港,1129484,562602.5,566881.5
201103,基隆港,154125.5,81456.25,72669.25
201103,臺中港,122270,61871,60399
201103,高雄港,808785.25,398280.75,410504.5
201103,花蓮港,0,0,0
201103,臺北港,44303.25,20994.5,23308.75
201103,蘇澳港,0,0,0
201103,安平港,0,0,0
201104,國際商港,1139135.75,582091.75,557044
201104,基隆港,157887.25,83327.5,74559.75
201104,臺中港,121811,61534,60277
201104,高雄港,815500.25,416695.75,398804.5
201104,花蓮港,0,0,0
201104,臺北港,43937.25,20534.5,23402.75
201104,蘇澳港,0,0,0
201104,安平港,0,0,0
201105,國際商港,1209299.25,600305.25,608994
201105,基隆港,152191.25,79286.25,72905
201105,臺中港,112802,55973,56829
201105,高雄港,901448,443755.75,457692.25
201105,花蓮港,0,0,0
201105,臺北港,42858,21290.25,21567.75
201105,蘇澳港,0,0,0
201105,安平港,0,0,0
201106,國際商港,1126107.5,560754.25,565353.25
201106,基隆港,153204.25,81239,71965.25
201106,臺中港,113383,57296,56087
201106,高雄港,794856,389919.5,404936.5
201106,花蓮港,0,0,0
201106,臺北港,64664.25,32299.75,32364.5
201106,蘇澳港,0,0,0
201106,安平港,0,0,0
201107,國際商港,1145758,567897.75,577860.25
201107,基隆港,154568.75,78529.75,76039
201107,臺中港,122382,59041,63341
201107,高雄港,802563.5,400281.75,402281.75
201107,花蓮港,0,0,0
201107,臺北港,66243.75,30045.25,36198.5
201107,蘇澳港,0,0,0
201107,安平港,0,0,0
201108,國際商港,1124891,560278.75,564612.25
201108,基隆港,145638.75,76612,69026.75
201108,臺中港,110118,54044,56074
201108,高雄港,803449.5,397621.25,405828.25
201108,花蓮港,0,0,0
201108,臺北港,65684.75,32001.5,33683.25
201108,蘇澳港,0,0,0
201108,安平港,0,0,0
201109,國際商港,1088942.5,549825.25,539117.25
201109,基隆港,143690.75,75310.25,68380.5
201109,臺中港,111604,56456,55148
201109,高雄港,767783,385531,382252
201109,花蓮港,0,0,0
201109,臺北港,65864.75,32528,33336.75
201109,蘇澳港,0,0,0
201109,安平港,0,0,0
201110,國際商港,1152852,584368.25,568483.75
201110,基隆港,146552.75,75842.75,70710
201110,臺中港,119504,57691,61813
201110,高雄港,828062.5,422233,405829.5
201110,花蓮港,0,0,0
201110,臺北港,58732.75,28601.5,30131.25
201110,蘇澳港,0,0,0
201110,安平港,0,0,0
201111,國際商港,1138270.5,573750,564520.5
201111,基隆港,144108.5,77025.5,67083
201111,臺中港,112274,55388,56886
201111,高雄港,813565.5,406849.5,406716
201111,花蓮港,0,0,0
201111,臺北港,68322.5,34487,33835.5
201111,蘇澳港,0,0,0
201111,安平港,0,0,0
201112,國際商港,1153075.5,586808.5,566267
201112,基隆港,141328.75,76293,65035.75
201112,臺中港,122515,60929,61586
201112,高雄港,830288.25,420105,410183.25
201112,花蓮港,0,0,0
201112,臺北港,58943.5,29481.5,29462
201112,蘇澳港,0,0,0
201112,安平港,0,0,0
201201,國際商港,1084205,557463.5,526741.5
201201,基隆港,119520.75,61568.5,57952.25
201201,臺中港,95702,51097,44605
201201,高雄港,804569.75,415069,389500.75
201201,花蓮港,0,0,0
201201,臺北港,64412.5,29729,34683.5
201201,蘇澳港,0,0,0
201201,安平港,0,0,0
201202,國際商港,1058039,513918.5,544120.5
201202,基隆港,116368.5,57110.75,59257.75
201202,臺中港,110360,50178,60182
201202,高雄港,760039.25,371634.5,388404.75
201202,花蓮港,0,0,0
201202,臺北港,71271.25,34995.25,36276
201202,蘇澳港,0,0,0
201202,安平港,0,0,0
201203,國際商港,1157399.25,571766,585633.25
201203,基隆港,131451.25,66996.75,64454.5
201203,臺中港,119647,57890,61757
201203,高雄港,823666.75,405838.75,417828
201203,花蓮港,0,0,0
201203,臺北港,82634.25,41040.5,41593.75
201203,蘇澳港,0,0,0
201203,安平港,0,0,0
201204,國際商港,1153762.75,570946.5,582816.25
201204,基隆港,134205,68299.75,65905.25
201204,臺中港,112926,57293,55633
201204,高雄港,814931.75,401782,413149.75
201204,花蓮港,0,0,0
201204,臺北港,91700,43571.75,48128.25
201204,蘇澳港,0,0,0
201204,安平港,0,0,0
201205,國際商港,1225392,611682.5,613709.5
201205,基隆港,142497,74794.25,67702.75
201205,臺中港,114153,56930,57223
201205,高雄港,866021.5,429098,436923.5
201205,花蓮港,0,0,0
201205,臺北港,102720.5,50860.25,51860.25
201205,蘇澳港,0,0,0
201205,安平港,0,0,0
201206,國際商港,1130700.5,567672.5,563028
201206,基隆港,133939.25,71219,62720.25
201206,臺中港,116107,58006,58101
201206,高雄港,787746.75,392664,395082.75
201206,花蓮港,0,0,0
201206,臺北港,92907.5,45783.5,47124
201206,蘇澳港,0,0,0
201206,安平港,0,0,0
201207,國際商港,1221635,610264.25,611370.75
201207,基隆港,147731,76400.75,71330.25
201207,臺中港,118810,58543,60267
201207,高雄港,849198.25,421950.25,427248
201207,花蓮港,0,0,0
201207,臺北港,105895.75,53370.25,52525.5
201207,蘇澳港,0,0,0
201207,安平港,0,0,0
201208,國際商港,1162315.5,581417.75,580897.75
201208,基隆港,130469.5,67441,63028.5
201208,臺中港,116388,60115,56273
201208,高雄港,811932,401615,410317
201208,花蓮港,0,0,0
201208,臺北港,103526,52246.75,51279.25
201208,蘇澳港,0,0,0
201208,安平港,0,0,0
201209,國際商港,1161787.25,586846.5,574940.75
201209,基隆港,135116.5,70525.75,64590.75
201209,臺中港,122905,60076,62829
201209,高雄港,811186,410921.25,400264.75
201209,花蓮港,0,0,0
201209,臺北港,92579.75,45323.5,47256.25
201209,蘇澳港,0,0,0
201209,安平港,0,0,0
201210,國際商港,1236221.5,615089.25,621132.25
201210,基隆港,142134.75,73328.75,68806
201210,臺中港,119824,58653,61171
201210,高雄港,875003.25,432673.5,442329.75
201210,花蓮港,0,0,0
201210,臺北港,99259.5,50434,48825.5
201210,蘇澳港,0,0,0
201210,安平港,0,0,0
201211,國際商港,1127067.75,568017.75,559050
201211,基隆港,134585,71316.5,63268.5
201211,臺中港,118742,57559,61183
201211,高雄港,780939.75,393485.25,387454.5
201211,花蓮港,0,0,0
201211,臺北港,92801,45657,47144
201211,蘇澳港,0,0,0
201211,安平港,0,0,0
201212,國際商港,1162830.75,586059.5,576771.25
201212,基隆港,139547.5,72881,66666.5
201212,臺中港,129841,63441,66400
201212,高雄港,795986,399952.25,396033.75
201212,花蓮港,0,0,0
201212,臺北港,97456.25,49785.25,47671
201212,蘇澳港,0,0,0
201212,安平港,0,0,0
201301,國際商港,1212405,605274.5,607130.5
201301,基隆港,136999,72093.75,64905.25
201301,臺中港,124656,62851,61805
201301,高雄港,847323.25,419916.75,427406.5
201301,花蓮港,0,0,0
201301,臺北港,103426.75,50413,53013.75
201301,蘇澳港,0,0,0
201301,安平港,0,0,0
201302,國際商港,944748.5,486637.25,458111.25
201302,基隆港,89753.25,47448.25,42305
201302,臺中港,91725,47366,44359
201302,高雄港,681878.25,350421,331457.25
201302,花蓮港,0,0,0
201302,臺北港,81392,41402,39990
201302,蘇澳港,0,0,0
201302,安平港,0,0,0
201303,國際商港,1220833.75,608801,612032.75
201303,基隆港,135738.5,70293.5,65445
201303,臺中港,136132,67818,68314
201303,高雄港,857142,427227.5,429914.5
201303,花蓮港,0,0,0
201303,臺北港,91821.25,43462,48359.25
201303,蘇澳港,0,0,0
201303,安平港,0,0,0
201304,國際商港,1172286,588492,583794
201304,基隆港,127453.25,66462.25,60991
201304,臺中港,119292,58961,60331
201304,高雄港,828098.75,414092,414006.75
201304,花蓮港,0,0,0
201304,臺北港,97442,48976.75,48465.25
201304,蘇澳港,0,0,0
201304,安平港,0,0,0
201305,國際商港,1214929,600766.5,614162.5
201305,基隆港,137052,69362.75,67689.25
201305,臺中港,129711,63785,65926
201305,高雄港,857783,422550,435233
201305,花蓮港,0,0,0
201305,臺北港,90383,45068.75,45314.25
201305,蘇澳港,0,0,0
201305,安平港,0,0,0
201306,國際商港,1119576.5,557007.5,562569
201306,基隆港,137816.5,72592.75,65223.75
201306,臺中港,120600,56709,63891
201306,高雄港,783345,389065.5,394279.5
201306,花蓮港,0,0,0
201306,臺北港,77815,38640.25,39174.75
201306,蘇澳港,0,0,0
201306,安平港,0,0,0
201307,國際商港,1201740.75,602970.25,598770.5
201307,基隆港,143473.5,75445.25,68028.25
201307,臺中港,124473,61464,63009
201307,高雄港,850240.25,425317,424923.25
201307,花蓮港,0,0,0
201307,臺北港,83554,40744,42810
201307,蘇澳港,0,0,0
201307,安平港,0,0,0
201308,國際商港,1168142.75,588419,579723.75
201308,基隆港,139876,73956,65920
201308,臺中港,123985,61139,62846
201308,高雄港,827730.25,416132.75,411597.5
201308,花蓮港,0,0,0
201308,臺北港,76551.5,37191.25,39360.25
201308,蘇澳港,0,0,0
201308,安平港,0,0,0
201309,國際商港,1159085.25,589746.5,569338.75
201309,基隆港,136439,72719,63720
201309,臺中港,118606,58360,60246
201309,高雄港,830665.5,421544,409121.5
201309,花蓮港,0,0,0
201309,臺北港,73374.75,37123.5,36251.25
201309,蘇澳港,0,0,0
201309,安平港,0,0,0
201310,國際商港,1194284.25,597573,596711.25
201310,基隆港,137995.75,72629,65366.75
201310,臺中港,122596,59547,63049
201310,高雄港,855419,427410.25,428008.75
201310,花蓮港,0,0,0
201310,臺北港,78273.5,37986.75,40286.75
201310,蘇澳港,0,0,0
201310,安平港,0,0,0
201311,國際商港,1188511.75,604093.75,584418
201311,基隆港,139452,74982,64470
201311,臺中港,127972,61765,66207
201311,高雄港,835303,425684.25,409618.75
201311,花蓮港,0,0,0
201311,臺北港,85784.75,41662.5,44122.25
201311,蘇澳港,0,0,0
201311,安平港,0,0,0
201312,國際商港,1250324.5,632512.75,617811.75
201312,基隆港,150617,79679.25,70937.75
201312,臺中港,127857,63458,64399
201312,高雄港,882790.75,443022.25,439768.5
201312,花蓮港,0,0,0
201312,臺北港,89059.75,46353.25,42706.5
201312,蘇澳港,0,0,0
201312,安平港,0,0,0
201401,國際商港,1238833.75,617935,620898.75
201401,基隆港,149352.5,78772.25,70580.25
201401,臺中港,117485,61624,55861
201401,高雄港,871996.25,430398.25,441598
201401,花蓮港,0,0,0
201401,臺北港,100000,47140.5,52859.5
201401,蘇澳港,0,0,0
201401,安平港,0,0,0
201402,國際商港,1021844.75,513975.25,507869.5
201402,基隆港,103633.75,52064.75,51569
201402,臺中港,105043,51673,53370
201402,高雄港,748839,377945.25,370893.75
201402,花蓮港,0,0,0
201402,臺北港,64329,32292.25,32036.75
201402,蘇澳港,0,0,0
201402,安平港,0,0,0
201403,國際商港,1220946.75,607628.25,613318.5
201403,基隆港,139270.5,73028.75,66241.75
201403,臺中港,128347,60494,67853
201403,高雄港,863852,427466,436386
201403,花蓮港,0,0,0
201403,臺北港,89477.25,46639.5,42837.75
201403,蘇澳港,0,0,0
201403,安平港,0,0,0
201404,國際商港,1250664.5,627357.5,623307
201404,基隆港,135123.5,71781.25,63342.25
201404,臺中港,123892,60223,63669
201404,高雄港,867520.5,431777,435743.5
201404,花蓮港,0,0,0
201404,臺北港,124128.5,63576.25,60552.25
201404,蘇澳港,0,0,0
201404,安平港,0,0,0
201405,國際商港,1284914.25,638342.75,646571.5
201405,基隆港,147368.25,79048.25,68320
201405,臺中港,127089,61528,65561
201405,高雄港,876766.25,435550,441216.25
201405,花蓮港,0,0,0
201405,臺北港,133690.75,62216.5,71474.25
201405,蘇澳港,0,0,0
201405,安平港,0,0,0
201406,國際商港,1299281,655591,643690
201406,基隆港,150472.25,80334.25,70138
201406,臺中港,133350,65826,67524
201406,高雄港,914056,461350.75,452705.25
201406,花蓮港,0,0,0
201406,臺北港,101402.75,48080,53322.75
201406,蘇澳港,0,0,0
201406,安平港,0,0,0
201407,國際商港,1275059.25,635773,639286.25
201407,基隆港,149954.75,79619.5,70335.25
201407,臺中港,135627,67198,68429
201407,高雄港,886236.25,437663.75,448572.5
201407,花蓮港,0,0,0
201407,臺北港,103241.25,51291.75,51949.5
201407,蘇澳港,0,0,0
201407,安平港,0,0,0
201408,國際商港,1276748.25,628284.75,648463.5
201408,基隆港,145501.5,75767.5,69734
201408,臺中港,139120,64545,74575
201408,高雄港,882151.5,436266.75,445884.75
201408,花蓮港,0,0,0
201408,臺北港,109975.25,51705.5,58269.75
201408,蘇澳港,0,0,0
201408,安平港,0,0,0
201409,國際商港,1254575,642909,611666
201409,基隆港,141074,72919.25,68154.75
201409,臺中港,119805,61625,58180
201409,高雄港,883233.75,452624,430609.75
201409,花蓮港,0,0,0
201409,臺北港,110462.25,55740.75,54721.5
201409,蘇澳港,0,0,0
201409,安平港,0,0,0
201410,國際商港,1318629.5,656771,661858.5
201410,基隆港,139741.25,74028.5,65712.75
201410,臺中港,123575,59411,64164
201410,高雄港,946315,469007,477308
201410,花蓮港,0,0,0
201410,臺北港,108998.25,54324.5,54673.75
201410,蘇澳港,0,0,0
201410,安平港,0,0,0
201411,國際商港,1288180.25,646838.75,641341.5
201411,基隆港,142583.5,74964.25,67619.25
201411,臺中港,130926,62144,68782
201411,高雄港,909587.75,455072.25,454515.5
201411,花蓮港,0,0,0
201411,臺北港,105083,54658.25,50424.75
201411,蘇澳港,0,0,0
201411,安平港,0,0,0
201412,國際商港,1320837,665677,655160
201412,基隆港,141106.75,75778.25,65328.5
201412,臺中港,129500,64932,64568
201412,高雄港,942781,469214.25,473566.75
201412,花蓮港,0,0,0
201412,臺北港,107449.25,55752.5,51696.75
201412,蘇澳港,0,0,0
201412,安平港,0,0,0
201501,國際商港,1235579.25,615647.75,619931.5
201501,基隆港,140035.75,72972.5,67063.25
201501,臺中港,136022,64538,71484
201501,高雄港,851486.75,427493,423993.75
201501,花蓮港,0,0,0
201501,臺北港,108034.75,50644.25,57390.5
201501,蘇澳港,0,0,0
201501,安平港,0,0,0
201502,國際商港,1020898.5,518289.75,502608.75
201502,基隆港,103140.5,53034.75,50105.75
201502,臺中港,103210,53849,49361
201502,高雄港,728037.5,367430.25,360607.25
201502,花蓮港,0,0,0
201502,臺北港,86510.5,43975.75,42534.75
201502,蘇澳港,0,0,0
201502,安平港,0,0,0
201503,國際商港,1283173.5,644510,638663.5
201503,基隆港,116972,61510.75,55461.25
201503,臺中港,130823,62514,68309
201503,高雄港,918749,461439.75,457309.25
201503,花蓮港,0,0,0
201503,臺北港,116629.5,59045.5,57584
201503,蘇澳港,0,0,0
201503,安平港,0,0,0
201504,國際商港,1253738,628220.5,625517.5
201504,基隆港,119676.25,64314.75,55361.5
201504,臺中港,126509,63138,63371
201504,高雄港,884348.5,437453.5,446895
201504,花蓮港,0,0,0
201504,臺北港,123204.25,63314.25,59890
201504,蘇澳港,0,0,0
201504,安平港,0,0,0
201505,國際商港,1276761.5,632851,643910.5
201505,基隆港,130793.5,67375.75,63417.75
201505,臺中港,129483,63748,65735
201505,高雄港,886195.5,437921,448274.5
201505,花蓮港,0,0,0
201505,臺北港,130289.5,63806.25,66483.25
201505,蘇澳港,0,0,0
201505,安平港,0,0,0
201506,國際商港,1196095.25,596067.25,600028
201506,基隆港,118029.5,61858,56171.5
201506,臺中港,122289,60704,61585
201506,高雄港,841318.25,415833.25,425485
201506,花蓮港,0,0,0
201506,臺北港,114458.5,57672,56786.5
201506,蘇澳港,0,0,0
201506,安平港,0,0,0
201507,國際商港,1216682.5,604640.5,612042
201507,基隆港,122769.5,63998.75,58770.75
201507,臺中港,121274,59782,61492
201507,高雄港,853249,422560,430689
201507,花蓮港,0,0,0
201507,臺北港,119390,58299.75,61090.25
201507,蘇澳港,0,0,0
201507,安平港,0,0,0
201508,國際商港,1202740,605257.5,597482.5
201508,基隆港,119114,60823,58291
201508,臺中港,114865,54975,59890
201508,高雄港,865886.5,435477.75,430408.75
201508,花蓮港,0,0,0
201508,臺北港,102874.5,53981.75,48892.75
201508,蘇澳港,0,0,0
201508,安平港,0,0,0
201509,國際商港,1167061.5,584928.75,582132.75
201509,基隆港,112251.5,60295,51956.5
201509,臺中港,106063,51817,54246
201509,高雄港,840149.5,416414,423735.5
201509,花蓮港,0,0,0
201509,臺北港,108597.5,56402.75,52194.75
201509,蘇澳港,0,0,0
201509,安平港,0,0,0
201510,國際商港,1207070.25,605152,601918.25
201510,基隆港,122046.75,63548.5,58498.25
201510,臺中港,120022,56084,63938
201510,高雄港,867698.5,437267.5,430431
201510,花蓮港,0,0,0
201510,臺北港,97303,48252,49051
201510,蘇澳港,0,0,0
201510,安平港,0,0,0
201511,國際商港,1200475.5,607740.5,592735
201511,基隆港,117094,61143.75,55950.25
201511,臺中港,117823,57164,60659
201511,高雄港,852933,430251.75,422681.25
201511,花蓮港,0,0,0
201511,臺北港,112625.5,59181,53444.5
201511,蘇澳港,0,0,0
201511,安平港,0,0,0
201512,國際商港,1231378,620795.5,610582.5
201512,基隆港,123414,67986.75,55427.25
201512,臺中港,119007,58443,60564
201512,高雄港,874368.25,437623.5,436744.75
201512,花蓮港,0,0,0
201512,臺北港,114588.75,56742.25,57846.5
201512,蘇澳港,0,0,0
201512,安平港,0,0,0
201601,國際商港,1199077.5,601909,597168.5
201601,基隆港,117155.5,63941.75,53213.75
201601,臺中港,125775,63155,62620
201601,高雄港,842804,419110.5,423693.5
201601,花蓮港,0,0,0
201601,臺北港,113343,55701.75,57641.25
201601,蘇澳港,0,0,0
201601,安平港,0,0,0
201602,國際商港,995137,504130,491007
201602,基隆港,83805.25,45249,38556.25
201602,臺中港,91268,42907,48361
201602,高雄港,715425.75,361539.75,353886
201602,花蓮港,0,0,0
201602,臺北港,104577,54434.25,50142.75
201602,蘇澳港,0,0,0
201602,安平港,61,0,61
201603,國際商港,1244206.5,615996.75,628209.75
201603,基隆港,118945.5,65102.75,53842.75
201603,臺中港,129832,61451,68381
201603,高雄港,872839.5,428404,444435.5
201603,花蓮港,0,0,0
201603,臺北港,122343.5,61039,61304.5
201603,蘇澳港,0,0,0
201603,安平港,246,0,246
201604,國際商港,1273833.5,633865.5,639968
201604,基隆港,121520.5,66594.5,54926
201604,臺中港,132154,62780,69374
201604,高雄港,884486.5,441514,442972.5
201604,花蓮港,0,0,0
201604,臺北港,135473.5,62977,72496.5
201604,蘇澳港,0,0,0
201604,安平港,199,0,199
201605,國際商港,1264248.75,640213,624035.75
201605,基隆港,122070.75,67709.75,54361
201605,臺中港,127248,61554,65694
201605,高雄港,898491.75,451742.75,446749
201605,花蓮港,0,0,0
201605,臺北港,116275.25,59206.5,57068.75
201605,蘇澳港,0,0,0
201605,安平港,163,0,163
201606,國際商港,1251339.25,628684.25,622655
201606,基隆港,121442.5,66151.75,55290.75
201606,臺中港,125558,61850,63708
201606,高雄港,887245,443866.25,443378.75
201606,花蓮港,0,0,0
201606,臺北港,117025.75,56816.25,60209.5
201606,蘇澳港,0,0,0
201606,安平港,68,0,68
201607,國際商港,1255789.5,617873.25,637916.25
201607,基隆港,117192,61504.25,55687.75
201607,臺中港,132561,61888,70673
201607,高雄港,885132.5,438970.75,446161.75
201607,花蓮港,0,0,0
201607,臺北港,120865,55510.25,65354.75
201607,蘇澳港,0,0,0
201607,安平港,39,0,39
201608,國際商港,1263205.5,625528,637677.5
201608,基隆港,119021,63969.5,55051.5
201608,臺中港,130561,62930,67631
201608,高雄港,890064.5,438023,452041.5
201608,花蓮港,0,0,0
201608,臺北港,123501,60605.5,62895.5
201608,蘇澳港,0,0,0
201608,安平港,58,0,58
201609,國際商港,1153756.5,587618.25,566138.25
201609,基隆港,99367,55955,43412
201609,臺中港,116205,56514,59691
201609,高雄港,803060.75,409240.5,393820.25
201609,花蓮港,0,0,0
201609,臺北港,135123.75,65908.75,69215
201609,蘇澳港,0,0,0
201609,安平港,0,0,0
201610,國際商港,1320316.75,663128,657188.75
201610,基隆港,113840.5,60300.75,53539.75
201610,臺中港,143039,68237,74802
201610,高雄港,929778,470225,459553
201610,花蓮港,0,0,0
201610,臺北港,133659.25,64365.25,69294
201610,蘇澳港,0,0,0
201610,安平港,0,0,0
201611,國際商港,1299579,649041.75,650537.25
201611,基隆港,122132,65866.75,56265.25
201611,臺中港,136273,66249,70024
201611,高雄港,918235,457123,461112
201611,花蓮港,0,0,0
201611,臺北港,122939,59803,63136
201611,蘇澳港,0,0,0
201611,安平港,0,0,0
201612,國際商港,1345650.25,674971.5,670678.75
201612,基隆港,131612.25,69974,61638.25
201612,臺中港,144537,70431,74106
201612,高雄港,937296.75,469552.5,467744.25
201612,花蓮港,0,0,0
201612,臺北港,132204.25,65014,67190.25
201612,蘇澳港,0,0,0
201612,安平港,0,0,0
201701,國際商港,1268892.75,638233.5,630659.25
201701,基隆港,111158.5,57686,53472.5
201701,臺中港,135848,68503,67345
201701,高雄港,887854,444345.25,443508.75
201701,花蓮港,0,0,0
201701,臺北港,134032.25,67699.25,66333
201701,蘇澳港,0,0,0
201701,安平港,0,0,0
201702,國際商港,1130224.75,554864.5,575360.25
201702,基隆港,95547,50515.75,45031.25
201702,臺中港,117777,54935,62842
201702,高雄港,792942.25,389501.75,403440.5
201702,花蓮港,0,0,0
201702,臺北港,123958.5,59912,64046.5
201702,蘇澳港,0,0,0
201702,安平港,0,0,0
201703,國際商港,1332725,664721,668004
201703,基隆港,121247.25,66884.25,54363
201703,臺中港,141605,69266,72339
201703,高雄港,935696.5,463852.25,471844.25
201703,花蓮港,0,0,0
201703,臺北港,134176.25,64718.5,69457.75
201703,蘇澳港,0,0,0
201703,安平港,0,0,0
201704,國際商港,1223969,606674.75,617294.25
201704,基隆港,117988.5,63401.75,54586.75
201704,臺中港,136622,65016,71606
201704,高雄港,844225.5,417752,426473.5
201704,花蓮港,0,0,0
201704,臺北港,125133,60505,64628
201704,蘇澳港,0,0,0
201704,安平港,0,0,0
201705,國際商港,1276023.25,633416.25,642607
201705,基隆港,123734.75,66837.25,56897.5
201705,臺中港,140885,68093,72792
201705,高雄港,878065.75,433546.25,444519.5
201705,花蓮港,0,0,0
201705,臺北港,133337.75,64939.75,68398
201705,蘇澳港,0,0,0
201705,安平港,0,0,0
201706,國際商港,1223549.5,608891.5,614658
201706,基隆港,121669.5,64797,56872.5
201706,臺中港,134291,64019,70272
201706,高雄港,840554.75,420303.5,420251.25
201706,花蓮港,0,0,0
201706,臺北港,127034.25,59772,67262.25
201706,蘇澳港,0,0,0
201706,安平港,0,0,0
201707,國際商港,1180396,584395,596001
201707,基隆港,117996.25,61970.25,56026
201707,臺中港,136120,64324,71796
201707,高雄港,801508.75,397534.5,403974.25
201707,花蓮港,0,0,0
201707,臺北港,124771,60566.25,64204.75
201707,蘇澳港,0,0,0
201707,安平港,0,0,0
201708,國際商港,1254177.75,623945.75,630232
201708,基隆港,120573.25,65636.5,54936.75
201708,臺中港,144680,70147,74533
201708,高雄港,866780.25,429309.5,437470.75
201708,花蓮港,0,0,0
201708,臺北港,122144.25,58852.75,63291.5
201708,蘇澳港,0,0,0
201708,安平港,0,0,0
201709,國際商港,1219313.25,614469.75,604843.5
201709,基隆港,119461.75,64125.75,55336
201709,臺中港,132902,65056,67846
201709,高雄港,832340.75,421026,411314.75
201709,花蓮港,0,0,0
201709,臺北港,134608.75,64262,70346.75
201709,蘇澳港,0,0,0
201709,安平港,0,0,0
201710,國際商港,1199248.5,604596,594652.5
201710,基隆港,114594.5,63672,50922.5
201710,臺中港,139813,67478,72335
201710,高雄港,828788,417240,411548
201710,花蓮港,0,0,0
201710,臺北港,116053,56206,59847
201710,蘇澳港,0,0,0
201710,安平港,0,0,0
201711,國際商港,1273217.5,640032,633185.5
201711,基隆港,127474.25,68529.25,58945
201711,臺中港,143427,69758,73669
201711,高雄港,860840.25,431478,429362.25
201711,花蓮港,0,0,0
201711,臺北港,141476,70266.75,71209.25
201711,蘇澳港,0,0,0
201711,安平港,0,0,0
201712,國際商港,1330015.25,682847,647168.25
201712,基隆港,126882.25,71487,55395.25
201712,臺中港,156693,79563,77130
201712,高雄港,901421.25,460931,440490.25
201712,花蓮港,0,0,0
201712,臺北港,145018.75,70866,74152.75
201712,蘇澳港,0,0,0
201712,安平港,0,0,0
201801,國際商港,1324283.5,657579.75,666703.75
201801,基隆港,127670.75,67107.5,60563.25
201801,臺中港,144097.5,70180.75,73916.75
201801,高雄港,900411.25,447083.5,453327.75
201801,花蓮港,0,0,0
201801,臺北港,152104,73208,78896
201801,蘇澳港,0,0,0
201801,安平港,0,0,0
201802,國際商港,1080473.75,543190.75,537283
201802,基隆港,99206.5,54749,44457.5
201802,臺中港,108537.25,54065,54472.25
201802,高雄港,750452,374697.25,375754.75
201802,花蓮港,0,0,0
201802,臺北港,122278,59679.5,62598.5
201802,蘇澳港,0,0,0
201802,安平港,0,0,0
201803,國際商港,1322762.25,659946,662816.25
201803,基隆港,119784,64637.75,55146.25
201803,臺中港,149447.75,68631.75,80816
201803,高雄港,910560.5,458975.25,451585.25
201803,花蓮港,0,0,0
201803,臺北港,142970,67701.25,75268.75
201803,蘇澳港,0,0,0
201803,安平港,0,0,0
201804,國際商港,1246022.5,639154.75,606867.75
201804,基隆港,116861.5,63858.25,53003.25
201804,臺中港,144353.75,71875.25,72478.5
201804,高雄港,852627.5,439451.5,413176
201804,花蓮港,0,0,0
201804,臺北港,132179.75,63969.75,68210
201804,蘇澳港,0,0,0
201804,安平港,0,0,0
201805,國際商港,1340418.25,665298.5,675119.75
201805,基隆港,132959.25,70584.5,62374.75
201805,臺中港,158364,79614.5,78749.5
201805,高雄港,904934.5,446541.25,458393.25
201805,花蓮港,0,0,0
201805,臺北港,144160.5,68558.25,75602.25
201805,蘇澳港,0,0,0
201805,安平港,0,0,0
201806,國際商港,1274943.5,638493.75,636449.75
201806,基隆港,127435,66251.5,61183.5
201806,臺中港,148160.75,72912,75248.75
201806,高雄港,864817.5,433675.5,431142
201806,花蓮港,0,0,0
201806,臺北港,134530.25,65654.75,68875.5
201806,蘇澳港,0,0,0
201806,安平港,0,0,0
201807,國際商港,1297878,654616.75,643261.25
201807,基隆港,124962.25,64436.25,60526
201807,臺中港,149531.75,73777.5,75754.25
201807,高雄港,886237.5,448663,437574.5
201807,花蓮港,0,0,0
201807,臺北港,137146.5,67740,69406.5
201807,蘇澳港,0,0,0
201807,安平港,0,0,0
201808,國際商港,1273739.75,622034.25,651705.5
201808,基隆港,120692.5,62989.75,57702.75
201808,臺中港,141297.25,68485,72812.25
201808,高雄港,878544.5,428501.25,450043.25
201808,花蓮港,0,0,0
201808,臺北港,133205.5,62058.25,71147.25
201808,蘇澳港,0,0,0
201808,安平港,0,0,0
201809,國際商港,1233540,622464.75,611075.25
201809,基隆港,121386.25,66133.5,55252.75
201809,臺中港,147189.5,70648.75,76540.75
201809,高雄港,829373.5,419992,409381.5
201809,花蓮港,0,0,0
201809,臺北港,135584.75,65684.5,69900.25
201809,蘇澳港,6,6,0
201809,安平港,0,0,0
201810,國際商港,1288605.5,646215.25,642390.25
201810,基隆港,123052.5,66880,56172.5
201810,臺中港,146627.5,70798.75,75828.75
201810,高雄港,871061.75,435555.5,435506.25
201810,花蓮港,0,0,0
201810,臺北港,147863.75,72981,74882.75
201810,蘇澳港,0,0,0
201810,安平港,0,0,0
201811,國際商港,1337973.25,672890,665083.25
201811,基隆港,128272,70214.75,58057.25
201811,臺中港,151116.5,75973,75143.5
201811,高雄港,919657,461596.25,458060.75
201811,花蓮港,0,0,0
201811,臺北港,138927.75,65106,73821.75
201811,蘇澳港,0,0,0
201811,安平港,0,0,0
201812,國際商港,1301081.25,649972.5,651108.75
201812,基隆港,129582,71937.25,57644.75
201812,臺中港,155402.75,75041,80361.75
201812,高雄港,877048.25,435668,441380.25
201812,花蓮港,0,0,0
201812,臺北港,139048.25,67326.25,71722
201812,蘇澳港,0,0,0
201812,安平港,0,0,0
201901,國際商港,1329397,675970.25,653426.75
201901,基隆港,131887.75,73107.75,58780
201901,臺中港,146955.5,75234.75,71720.75
201901,高雄港,907807.75,457967.5,449840.25
201901,花蓮港,0,0,0
201901,臺北港,142746,69660.25,73085.75
201901,蘇澳港,0,0,0
201901,安平港,0,0,0
201902,國際商港,1057769.5,511471.5,546298
201902,基隆港,78934.5,38956.25,39978.25
201902,臺中港,112216.5,51241.75,60974.75
201902,高雄港,741785.5,360206.75,381578.75
201902,花蓮港,0,0,0
201902,臺北港,124833,61066.75,63766.25
201902,蘇澳港,0,0,0
201902,安平港,0,0,0
201903,國際商港,1337022.5,675775.75,661246.75
201903,基隆港,118895.5,67531.5,51364
201903,臺中港,153445.25,73635.75,79809.5
201903,高雄港,912663.5,463703,448960.5
201903,花蓮港,0,0,0
201903,臺北港,152018.25,70905.5,81112.75
201903,蘇澳港,0,0,0
201903,安平港,0,0,0
201904,國際商港,1276777,650630,626147
201904,基隆港,115139.75,64687,50452.75
201904,臺中港,146321.75,73671.25,72650.5
201904,高雄港,881962,447421.75,434540.25
201904,花蓮港,0,0,0
201904,臺北港,133353.5,64850,68503.5
201904,蘇澳港,0,0,0
201904,安平港,0,0,0
201905,國際商港,1323741.75,656379.75,667362
201905,基隆港,125014.5,66339.5,58675
201905,臺中港,161898.75,81542.5,80356.25
201905,高雄港,895415.75,440829.75,454586
201905,花蓮港,0,0,0
201905,臺北港,141406.75,67662,73744.75
201905,蘇澳港,6,6,0
201905,安平港,0,0,0
201906,國際商港,1264384.5,629256,635128.5
201906,基隆港,125056.75,67738,57318.75
201906,臺中港,151626,72501.5,79124.5
201906,高雄港,861115,428254,432861
201906,花蓮港,0,0,0
201906,臺北港,126586.75,60762.5,65824.25
201906,蘇澳港,0,0,0
201906,安平港,0,0,0
201907,國際商港,1305304,646469.25,658834.75
201907,基隆港,132969,69836.5,63132.5
201907,臺中港,153191,73221.5,79969.5
201907,高雄港,884299.25,437566.5,446732.75
201907,花蓮港,0,0,0
201907,臺北港,134844.75,65844.75,69000
201907,蘇澳港,0,0,0
201907,安平港,0,0,0
201908,國際商港,1261365.25,633033.75,628331.5
201908,基隆港,118287,64073.5,54213.5
201908,臺中港,152795.5,73328.75,79466.75
201908,高雄港,859350,434408.5,424941.5
201908,花蓮港,0,0,0
201908,臺北港,130932.75,61223,69709.75
201908,蘇澳港,0,0,0
201908,安平港,0,0,0
201909,國際商港,1236680.25,633030.5,603649.75
201909,基隆港,117545,64739,52806
201909,臺中港,148378,75202.25,73175.75
201909,高雄港,846260.75,433090,413170.75
201909,花蓮港,0,0,0
201909,臺北港,124496.5,59999.25,64497.25
201909,蘇澳港,0,0,0
201909,安平港,0,0,0
201910,國際商港,1292424.5,650994,641430.5
201910,基隆港,127985.75,70308.5,57677.25
201910,臺中港,149073.5,71125.25,77948.25
201910,高雄港,870621.5,437151.75,433469.75
201910,花蓮港,0,0,0
201910,臺北港,144743.75,72408.5,72335.25
201910,蘇澳港,0,0,0
201910,安平港,0,0,0
201911,國際商港,1268801.75,639978.75,628823
201911,基隆港,127072.5,69895.25,57177.25
201911,臺中港,155741.75,74466.75,81275
201911,高雄港,856162.25,433177.5,422984.75
201911,花蓮港,0,0,0
201911,臺北港,129825.25,62439.25,67386
201911,蘇澳港,0,0,0
201911,安平港,0,0,0
201912,國際商港,1344622.5,683764.25,660858.25
201912,基隆港,136505,75296,61209
201912,臺中港,162322,79755.5,82566.5
201912,高雄港,911191,461693,449498
201912,花蓮港,0,0,0
201912,臺北港,134604.5,67019.75,67584.75
201912,蘇澳港,0,0,0
201912,安平港,0,0,0
202001,國際商港,1235374.5,620644.25,614730.25
202001,基隆港,112694.25,61091.25,51603
202001,臺中港,141503.5,73940,67563.5
202001,高雄港,851717.5,423527,428190.5
202001,花蓮港,0,0,0
202001,臺北港,129454.25,62081,67373.25
202001,蘇澳港,5,5,0
202001,安平港,0,0,0
202002,國際商港,1137999,558892,579107
202002,基隆港,85842,43366,42476
202002,臺中港,134115.75,61896.25,72219.5
202002,高雄港,794858.25,395530,399328.25
202002,花蓮港,0,0,0
202002,臺北港,123183,58099.75,65083.25
202002,蘇澳港,0,0,0
202002,安平港,0,0,0
202003,國際商港,1304125,655492.5,648632.5
202003,基隆港,120963.75,67936.75,53027
202003,臺中港,162130,80860,81270
202003,高雄港,876737.25,435599.75,441137.5
202003,花蓮港,0,0,0
202003,臺北港,144294,71096,73198
202003,蘇澳港,0,0,0
202003,安平港,0,0,0
202004,國際商港,1173593.5,602994,570599.5
202004,基隆港,135464.75,76743,58721.75
202004,臺中港,147914.25,77082.25,70832
202004,高雄港,765543.5,383910.25,381633.25
202004,花蓮港,0,0,0
202004,臺北港,124671,65258.5,59412.5
202004,蘇澳港,0,0,0
202004,安平港,0,0,0
202005,國際商港,1210350.5,603508,606842.5
202005,基隆港,130171.25,70116.25,60055
202005,臺中港,145791.5,70063.75,75727.75
202005,高雄港,815396.5,403752.75,411643.75
202005,花蓮港,0,0,0
202005,臺北港,118991.25,59575.25,59416
202005,蘇澳港,0,0,0
202005,安平港,0,0,0
202006,國際商港,1154696.25,578037.5,576658.75
202006,基隆港,131470.75,69665.5,61805.25
202006,臺中港,141272,69270,72002
202006,高雄港,744276.25,372088.5,372187.75
202006,花蓮港,0,0,0
202006,臺北港,137677.25,67013.5,70663.75
202006,蘇澳港,0,0,0
202006,安平港,0,0,0
202007,國際商港,1212765.5,591632.75,621132.75
202007,基隆港,138412.25,70157.5,68254.75
202007,臺中港,152577.25,74656,77921.25
202007,高雄港,785147,384046.25,401100.75
202007,花蓮港,0,0,0
202007,臺北港,136629,62773,73856
202007,蘇澳港,0,0,0
202007,安平港,0,0,0
202008,國際商港,1230604,594703.75,635900.25
202008,基隆港,138281.25,68916.75,69364.5
202008,臺中港,156998.75,73197,83801.75
202008,高雄港,803929.75,392081.25,411848.5
202008,花蓮港,0,0,0
202008,臺北港,131394.25,60508.75,70885.5
202008,蘇澳港,0,0,0
202008,安平港,0,0,0
202009,國際商港,1185324.5,597160.25,588164.25
202009,基隆港,139595.75,72681,66914.75
202009,臺中港,150863.25,75018.5,75844.75
202009,高雄港,766081.5,386560.25,379521.25
202009,花蓮港,0,0,0
202009,臺北港,128784,62900.5,65883.5
202009,蘇澳港,0,0,0
202009,安平港,0,0,0
202010,國際商港,1221854.5,604690,617164.5
202010,基隆港,124357,67340,57017
202010,臺中港,162513,77037.5,85475.5
202010,高雄港,792259,392279.75,399979.25
202010,花蓮港,0,0,0
202010,臺北港,142725.5,68032.75,74692.75
202010,蘇澳港,0,0,0
202010,安平港,0,0,0
202011,國際商港,1226348.25,620387.5,605960.75
202011,基隆港,139596.75,71942.25,67654.5
202011,臺中港,161776.25,79086.5,82689.75
202011,高雄港,782596.5,400215.25,382381.25
202011,花蓮港,0,0,0
202011,臺北港,142378.75,69143.5,73235.25
202011,蘇澳港,0,0,0
202011,安平港,0,0,0
202012,國際商港,1300541.5,663200,637341.5
202012,基隆港,135942.5,74167.5,61775
202012,臺中港,163530.75,80938.5,82592.25
202012,高雄港,843119.25,430168.25,412951
202012,花蓮港,0,0,0
202012,臺北港,157949,77925.75,80023.25
202012,蘇澳港,0,0,0
202012,安平港,0,0,0
202101,國際商港,1308883.25,654884,653999.25
202101,基隆港,136792.5,73343.5,63449
202101,臺中港,172088,85756.5,86331.5
202101,高雄港,833101.75,413528.75,419573
202101,花蓮港,0,0,0
202101,臺北港,166901,82255.25,84645.75
202101,蘇澳港,0,0,0
202101,安平港,0,0,0
202102,國際商港,1118266.75,561084,557182.75
202102,基隆港,101410.75,53725.5,47685.25
202102,臺中港,135546.25,67801.75,67744.5
202102,高雄港,738527.75,370022,368505.75
202102,花蓮港,0,0,0
202102,臺北港,142782,69534.75,73247.25
202102,蘇澳港,0,0,0
202102,安平港,0,0,0
202103,國際商港,1343210.75,676908.75,666302
202103,基隆港,134496,73260.5,61235.5
202103,臺中港,169839.25,82887.25,86952
202103,高雄港,864491.5,435929.5,428562
202103,花蓮港,0,0,0
202103,臺北港,174384,84831.5,89552.5
202103,蘇澳港,0,0,0
202103,安平港,0,0,0
202104,國際商港,1303949,661692.75,642256.25
202104,基隆港,135543.5,74151,61392.5
202104,臺中港,166514.5,84523.75,81990.75
202104,高雄港,821201.25,413368.5,407832.75
202104,花蓮港,0,0,0
202104,臺北港,180689.75,89649.5,91040.25
202104,蘇澳港,0,0,0
202104,安平港,0,0,0
202105,國際商港,1341335.25,665077,676258.25
202105,基隆港,141106.25,74128.25,66978
202105,臺中港,171806.5,84102.5,87704
202105,高雄港,849307,422615,426692
202105,花蓮港,0,0,0
202105,臺北港,179108.5,84224.25,94884.25
202105,蘇澳港,0,0,0
202105,安平港,7,7,0
202106,國際商港,1301543,659899.25,641643.75
202106,基隆港,127009,67995.75,59013.25
202106,臺中港,162289.75,82702,79587.75
202106,高雄港,839225.25,423826.5,415398.75
202106,花蓮港,0,0,0
202106,臺北港,173019,85375,87644
202106,蘇澳港,0,0,0
202106,安平港,0,0,0
202107,國際商港,1303569.5,660423.75,643145.75
202107,基隆港,128507.5,68486.5,60021
202107,臺中港,168625,82953.25,85671.75
202107,高雄港,835070.25,424156.25,410914
202107,花蓮港,0,0,0
202107,臺北港,171366.75,84827.75,86539
202107,蘇澳港,0,0,0
202107,安平港,0,0,0
202108,國際商港,1303916.25,656325.25,647591
202108,基隆港,141282.5,73246.25,68036.25
202108,臺中港,173431.5,84701.25,88730.25
202108,高雄港,831667.25,421760.25,409907
202108,花蓮港,0,0,0
202108,臺北港,157499,76581.5,80917.5
202108,蘇澳港,0,0,0
202108,安平港,36,36,0
202109,國際商港,1270336,633588.75,636747.25
202109,基隆港,132655.25,69475.75,63179.5
202109,臺中港,155801.25,77964.25,77837
202109,高雄港,809207.5,401535.5,407672
202109,花蓮港,0,0,0
202109,臺北港,172636,84613.25,88022.75
202109,蘇澳港,0,0,0
202109,安平港,36,0,36
202110,國際商港,1268158.25,634302.75,633855.5
202110,基隆港,125771.5,66234,59537.5
202110,臺中港,171235.75,83117.75,88118
202110,高雄港,810007.5,407606.25,402401.25
202110,花蓮港,0,0,0
202110,臺北港,161135.5,77344.75,83790.75
202110,蘇澳港,0,0,0
202110,安平港,8,0,8
202111,國際商港,1296854.5,657746.25,639108.25
202111,基隆港,144175.25,77743.75,66431.5
202111,臺中港,159802.25,79710.5,80091.75
202111,高雄港,825778.75,417092.5,408686.25
202111,花蓮港,0,0,0
202111,臺北港,167034.25,83183.5,83850.75
202111,蘇澳港,0,0,0
202111,安平港,64,16,48
202112,國際商港,1294615.5,649715.25,644900.25
202112,基隆港,152641.75,82799.75,69842
202112,臺中港,172314.5,87704.5,84610
202112,高雄港,806852.75,399190,407662.75
202112,花蓮港,0,0,0
202112,臺北港,162576.5,79881,82695.5
202112,蘇澳港,0,0,0
202112,安平港,230,140,90
202201,國際商港,1272871,640401.25,632469.75
202201,基隆港,141752.75,74413.25,67339.5
202201,臺中港,156203.25,76686.5,79516.75
202201,高雄港,827333.5,420713,406620.5
202201,花蓮港,0,0,0
202201,臺北港,147581.5,68588.5,78993
202201,蘇澳港,0,0,0
202201,安平港,0,0,0
202202,國際商港,1088649,528877,559772
202202,基隆港,105677.5,51733.25,53944.25
202202,臺中港,135154.75,64154.75,71000
202202,高雄港,716441.25,346474.25,369967
202202,花蓮港,0,0,0
202202,臺北港,131227.5,66458.75,64768.75
202202,蘇澳港,0,0,0
202202,安平港,148,56,92
202203,國際商港,1324927.75,671539.5,653388.25
202203,基隆港,139876.25,75447.75,64428.5
202203,臺中港,170239.25,83636.25,86603
202203,高雄港,861825.25,436845.75,424979.5
202203,花蓮港,0,0,0
202203,臺北港,152740,75461.75,77278.25
202203,蘇澳港,0,0,0
202203,安平港,247,148,99
202204,國際商港,1260426.5,634443.25,625983.25
202204,基隆港,133490.75,69698.5,63792.25
202204,臺中港,155956.5,80202,75754.5
202204,高雄港,808255,405750,402505
202204,花蓮港,0,0,0
202204,臺北港,162638.25,78768.75,83869.5
202204,蘇澳港,0,0,0
202204,安平港,86,24,62
202205,國際商港,1257838.25,625182,632656.25
202205,基隆港,139913.25,74173.75,65739.5
202205,臺中港,161077.75,77375.75,83702
202205,高雄港,796433.5,394668.5,401765
202205,花蓮港,0,0,0
202205,臺北港,160254.75,78917,81337.75
202205,蘇澳港,0,0,0
202205,安平港,159,47,112
202206,國際商港,1321133.25,667976.25,653157
202206,基隆港,147384.5,77762.75,69621.75
202206,臺中港,154846.5,78872,75974.5
202206,高雄港,871635.25,437139.5,434495.75
202206,花蓮港,0,0,0
202206,臺北港,147170,74165,73005
202206,蘇澳港,0,0,0
202206,安平港,97,37,60
202207,國際商港,1307538,642421.5,665116.5
202207,基隆港,152507.25,79266.75,73240.5
202207,臺中港,153511.75,72982.25,80529.5
202207,高雄港,844323.25,414479.25,429844
202207,花蓮港,0,0,0
202207,臺北港,157040.75,75612.25,81428.5
202207,蘇澳港,0,0,0
202207,安平港,155,81,74
202208,國際商港,1241056.25,610391.75,630664.5
202208,基隆港,140352,72164.25,68187.75
202208,臺中港,148348.75,68636,79712.75
202208,高雄港,801205.75,393745,407460.75
202208,花蓮港,0,0,0
202208,臺北港,150871.75,75710.5,75161.25
202208,蘇澳港,0,0,0
202208,安平港,278,136,142
202209,國際商港,1111592.5,551004.5,560588
202209,基隆港,122447.25,67187,55260.25
202209,臺中港,130293.25,63735,66558.25
202209,高雄港,724665,353259,371406
202209,花蓮港,0,0,0
202209,臺北港,133943,66699.5,67243.5
202209,蘇澳港,0,0,0
202209,安平港,244,124,120
202210,國際商港,1132119,567705.75,564413.25
202210,基隆港,125854.5,65628.75,60225.75
202210,臺中港,128819,61584,67235
202210,高雄港,734644.25,371768.5,362875.75
202210,花蓮港,0,0,0
202210,臺北港,142709.25,68684.5,74024.75
202210,蘇澳港,0,0,0
202210,安平港,92,40,52
202211,國際商港,1190596.25,603552.75,587043.5
202211,基隆港,136038.25,74237.25,61801
202211,臺中港,149203.25,72830.25,76373
202211,高雄港,748404.75,376959.5,371445.25
202211,花蓮港,0,0,0
202211,臺北港,156721,79467.75,77253.25
202211,蘇澳港,0,0,0
202211,安平港,229,58,171
202212,國際商港,1183048.25,603239.5,579808.75
202212,基隆港,137412,73038.25,64373.75
202212,臺中港,141711,71283,70428
202212,高雄港,756448.25,384205.25,372243
202212,花蓮港,0,0,0
202212,臺北港,147100,74622,72478
202212,蘇澳港,0,0,0
202212,安平港,377,91,286
202301,國際商港,1054319.25,511873,542446.25
202301,基隆港,107162,54862.75,52299.25
202301,臺中港,114341.5,56900.25,57441.25
202301,高雄港,691458,333059.75,358398.25
202301,花蓮港,0,0,0
202301,臺北港,141083.75,66930.25,74153.5
202301,蘇澳港,0,0,0
202301,安平港,274,120,154
202302,國際商港,1028129.5,504176,523953.5
202302,基隆港,109589,58672.25,50916.75
202302,臺中港,128235.5,57129.75,71105.75
202302,高雄港,648735,320080,328655
202302,花蓮港,0,0,0
202302,臺北港,141450,68234,73216
202302,蘇澳港,0,0,0
202302,安平港,120,60,60
202303,國際商港,1201004.75,616102.5,584902.25
202303,基隆港,135834,73736.75,62097.25
202303,臺中港,140377,73288.5,67088.5
202303,高雄港,771609.5,390330,381279.5
202303,花蓮港,0,0,0
202303,臺北港,152864.25,78586.25,74278
202303,蘇澳港,0,0,0
202303,安平港,320,161,159
202304,國際商港,1127738.25,576567.75,551170.5
202304,基隆港,130960.5,70189.5,60771
202304,臺中港,130469,65916.5,64552.5
202304,高雄港,715763.5,365023.75,350739.75
202304,花蓮港,0,0,0
202304,臺北港,150253.25,75270,74983.25
202304,蘇澳港,0,0,0
202304,安平港,292,168,124
202305,國際商港,1210399.5,604546.75,605852.75
202305,基隆港,134147.75,67616.75,66531
202305,臺中港,134163.25,66876,67287.25
202305,高雄港,788224.75,391405.25,396819.5
202305,花蓮港,0,0,0
202305,臺北港,153685.75,78536.75,75149
202305,蘇澳港,0,0,0
202305,安平港,178,112,66
202306,國際商港,1112241.5,551427,560814.5
202306,基隆港,124470.5,67114.75,57355.75
202306,臺中港,130725.75,64818.75,65907
202306,高雄港,723943.75,354163.75,369780
202306,花蓮港,0,0,0
202306,臺北港,132922.5,65221.75,67700.75
202306,蘇澳港,0,0,0
202306,安平港,179,108,71
202307,國際商港,1090907,544166,546741
202307,基隆港,131592,65689.75,65902.25
202307,臺中港,133118,63683.25,69434.75
202307,高雄港,690021,347398.75,342622.25
202307,花蓮港,0,0,0
202307,臺北港,136096,67354.25,68741.75
202307,蘇澳港,0,0,0
202307,安平港,80,40,40
202308,國際商港,1168728.25,579692.75,589035.5
202308,基隆港,130541,67675.25,62865.75
202308,臺中港,142866.25,70412,72454.25
202308,高雄港,767125.75,378092,389033.75
202308,花蓮港,0,0,0
202308,臺北港,127972.25,63358.5,64613.75
202308,蘇澳港,0,0,0
202308,安平港,223,155,68
202309,國際商港,1166588.25,599812.75,566775.5
202309,基隆港,128210.5,68473.75,59736.75
202309,臺中港,137393.5,70097,67296.5
202309,高雄港,784525.75,403234.75,381291
202309,花蓮港,0,0,0
202309,臺北港,116354.5,57971.25,58383.25
202309,蘇澳港,0,0,0
202309,安平港,104,36,68
202310,國際商港,1123593.75,562397.75,561196
202310,基隆港,126601.25,66122.25,60479
202310,臺中港,134670.25,66439,68231.25
202310,高雄港,743452.75,370375,373077.75
202310,花蓮港,0,0,0
202310,臺北港,118707.5,59377.5,59330
202310,蘇澳港,0,0,0
202310,安平港,162,84,78
202311,國際商港,1139267.5,572239,567028.5
202311,基隆港,133282.25,70043.5,63238.75
202311,臺中港,140433.25,70324.5,70108.75
202311,高雄港,742462,372515,369947
202311,花蓮港,0,0,0
202311,臺北港,122984,59336,63648
202311,蘇澳港,0,0,0
202311,安平港,106,20,86
202312,國際商港,1174070.25,592361,581709.25
202312,基隆港,140730.5,72753.25,67977.25
202312,臺中港,143405.5,72374,71031.5
202312,高雄港,766508.25,385132,381376.25
202312,花蓮港,0,0,0
202312,臺北港,123340,62063.75,61276.25
202312,蘇澳港,0,0,0
202312,安平港,86,38,48
202401,國際商港,1163194,574977.75,588216.25
202401,基隆港,145453.5,75130,70323.5
202401,臺中港,144215.75,70156.75,74059
202401,高雄港,747097.75,368985.25,378112.5
202401,花蓮港,0,0,0
202401,臺北港,126325,60633.75,65691.25
202401,蘇澳港,0,0,0
202401,安平港,102,72,30
202402,國際商港,987656.25,485580.75,502075.5
202402,基隆港,95208,46672.75,48535.25
202402,臺中港,110313,54602,55711
202402,高雄港,687136.5,338377.25,348759.25
202402,花蓮港,0,0,0
202402,臺北港,94750.75,45786.75,48964
202402,蘇澳港,0,0,0
202402,安平港,248,142,106
202403,國際商港,1227233,611853.25,615379.75
202403,基隆港,134350.75,70400.25,63950.5
202403,臺中港,152522.75,75885.5,76637.25
202403,高雄港,817858.5,404461.5,413397
202403,花蓮港,0,0,0
202403,臺北港,122427,61050,61377
202403,蘇澳港,0,0,0
202403,安平港,74,56,18
202404,國際商港,1141616.75,580791.5,560825.25
202404,基隆港,139105.5,74097.5,65008
202404,臺中港,133583,68024.25,65558.75
202404,高雄港,756733,382303.75,374429.25
202404,花蓮港,0,0,0
202404,臺北港,112145.25,56324,55821.25
202404,蘇澳港,0,0,0
202404,安平港,50,42,8
202405,國際商港,1200529.25,603815.25,596714
202405,基隆港,145889.75,73853,72036.75
202405,臺中港,136394.5,66671.25,69723.25
202405,高雄港,796147,402915.5,393231.5
202405,花蓮港,0,0,0
202405,臺北港,122022,60357.5,61664.5
202405,蘇澳港,0,0,0
202405,安平港,76,18,58
202406,國際商港,1229509.25,621654.75,607854.5
202406,基隆港,146736.25,75503.25,71233
202406,臺中港,145490.25,73139.5,72350.75
202406,高雄港,815094.25,413147,401947.25
202406,花蓮港,0,0,0
202406,臺北港,122092.5,59817,62275.5
202406,蘇澳港,0,0,0
202406,安平港,96,48,48
202407,國際商港,1107781.75,565362,542419.75
202407,基隆港,137796.75,71633.25,66163.5
202407,臺中港,135853.75,69282.5,66571.25
202407,高雄港,719522.5,364047.25,355475.25
202407,花蓮港,0,0,0
202407,臺北港,114560.75,60375,54185.75
202407,蘇澳港,0,0,0
202407,安平港,48,24,24
202408,國際商港,1261338.25,613007.5,648330.75
202408,基隆港,149332,78030.25,71301.75
202408,臺中港,136535.25,68257,68278.25
202408,高雄港,842904.5,403080.5,439824
202408,花蓮港,0,0,0
202408,臺北港,132374.5,63585.75,68788.75
202408,蘇澳港,0,0,0
202408,安平港,192,54,138
202409,國際商港,1127045,564925.25,562119.75
202409,基隆港,133477.5,68283,65194.5
202409,臺中港,120561.5,60360.5,60201
202409,高雄港,757497.5,378012.75,379484.75
202409,花蓮港,0,0,0
202409,臺北港,115304.5,58167,57137.5
202409,蘇澳港,0,0,0
202409,安平港,204,102,102
202410,國際商港,1044875.25,528266.75,516608.5
202410,基隆港,124852,68179.75,56672.25
202410,臺中港,114665.25,57925.5,56739.75
202410,高雄港,694262,346921.25,347340.75
202410,花蓮港,0,0,0
202410,臺北港,111072,55240.25,55831.75
202410,蘇澳港,0,0,0
202410,安平港,24,0,24
202411,國際商港,1179495,597490.5,582004.5
202411,基隆港,144909.25,75378.5,69530.75
202411,臺中港,137528.25,68773,68755.25
202411,高雄港,763471.25,386394.75,377076.5
202411,花蓮港,0,0,0
202411,臺北港,133426.25,66840.25,66586
202411,蘇澳港,0,0,0
202411,安平港,160,104,56
202412,國際商港,1262980.5,642868.5,620112
202412,基隆港,152787,80163,72624
202412,臺中港,145808.75,75356,70452.75
202412,高雄港,830697,420398,410299
202412,花蓮港,0,0,0
202412,臺北港,133305.75,66765.5,66540.25
202412,蘇澳港,0,0,0
202412,安平港,382,186,196
202501,國際商港,1156788.25,572420,584368.25
202501,基隆港,128813.75,65700.75,63113
202501,臺中港,129085,67188,61897
202501,高雄港,780706.5,384941.25,395765.25
202501,花蓮港,0,0,0
202501,臺北港,117935,54489,63446
202501,蘇澳港,0,0,0
202501,安平港,248,101,147
202502,國際商港,1007247.5,495309.75,511937.75
202502,基隆港,104992.75,54443,50549.75
202502,臺中港,108321.75,50684.5,57637.25
202502,高雄港,693319.75,341070.75,352249
202502,花蓮港,0,0,0
202502,臺北港,100157.25,48789.5,51367.75
202502,蘇澳港,0,0,0
202502,安平港,456,322,134
202503,國際商港,1200430,607667.5,592762.5
202503,基隆港,136081.75,73179.25,62902.5
202503,臺中港,140307.75,69066,71241.75
202503,高雄港,791883.25,399838.25,392045
202503,花蓮港,0,0,0
202503,臺北港,131944.25,65495,66449.25
202503,蘇澳港,0,0,0
202503,安平港,213,89,124
202504,國際商港,1130208.5,568667,561541.5
202504,基隆港,139028.75,74049.75,64979
202504,臺中港,134071.5,67272.75,66798.75
202504,高雄港,736143,367257,368886
202504,花蓮港,0,0,0
202504,臺北港,120731.25,59963.5,60767.75
202504,蘇澳港,0,0,0
202504,安平港,234,124,110
202505,國際商港,1176212.25,592841.75,583370.5
202505,基隆港,141255.5,73639,67616.5
202505,臺中港,143425.5,71723.5,71702
202505,高雄港,760686.5,382245.5,378441
202505,花蓮港,0,0,0
202505,臺北港,130724.75,65127.75,65597
202505,蘇澳港,0,0,0
202505,安平港,120,106,14
202506,國際商港,1159960.5,576880.5,583080
202506,基隆港,136769.5,72155.5,64614
202506,臺中港,139288.5,68001,71287.5
202506,高雄港,754069,373178,380891
202506,花蓮港,0,0,0
202506,臺北港,129791.5,63536,66255.5
202506,蘇澳港,0,0,0
202506,安平港,42,10,32
202507,國際商港,1120192.25,559727.5,560464.75
202507,基隆港,135946.75,72840.5,63106.25
202507,臺中港,129173.25,66267.5,62905.75
202507,高雄港,731295.5,361265.5,370030
202507,花蓮港,0,0,0
202507,臺北港,123743.75,59354,64389.75
202507,蘇澳港,0,0,0
202507,安平港,33,0,33
202508,國際商港,1159101.5,578658,580443.5
202508,基隆港,139112,74251.5,64860.5
202508,臺中港,139444,68893.25,70550.75
202508,高雄港,762628,378047,384581
202508,花蓮港,0,0,0
202508,臺北港,117768.5,57409.25,60359.25
202508,蘇澳港,0,0,0
202508,安平港,149,57,92
202509,國際商港,1065256.75,538081.25,527175.5
202509,基隆港,134993,71484,63509
202509,臺中港,126648.75,64385.5,62263.25
202509,高雄港,695856.25,347920,347936.25
202509,花蓮港,0,0,0
202509,臺北港,107584.75,54183.75,53401
202509,蘇澳港,4,2,2
202509,安平港,170,106,64
202510,國際商港,1066262.5,540414.75,525847.75
202510,基隆港,124129.75,68189.5,55940.25
202510,臺中港,124361.5,62009.25,62352.25
202510,高雄港,704490.25,355247.5,349242.75
202510,花蓮港,0,0,0
202510,臺北港,113001,54832.5,58168.5
202510,蘇澳港,0,0,0
202510,安平港,280,136,144
202511,國際商港,1085742.5,550749.5,534993
202511,基隆港,136588.25,74269,62319.25
202511,臺中港,129488.5,66602,62886.5
202511,高雄港,697826.25,350696.5,347129.75
202511,花蓮港,0,0,0
202511,臺北港,121710.5,59117,62593.5
202511,蘇澳港,0,0,0
202511,安平港,129,65,64
202512,國際商港,1218693.5,625572.5,593121
202512,基隆港,145851.5,78959,66892.5
202512,臺中港,147130.25,73422.75,73707.5
202512,高雄港,776950.5,399344.75,377605.75
202512,花蓮港,0,0,0
202512,臺北港,148565.25,73782,74783.25
202512,蘇澳港,0,0,0
202512,安平港,196,64,132
202601,國際商港,1172038.25,580879,591159.25
202601,基隆港,146288.5,77232.5,69056
202601,臺中港,133625.25,66063.75,67561.5
202601,高雄港,754112.25,371286.5,382825.75
202601,花蓮港,0,0,0
202601,臺北港,137826.25,66206.25,71620
202601,蘇澳港,0,0,0
202601,安平港,186,90,96
