,空實櫃別,總計,,,,,,,,,,,,,,,,,,,,,,,,,,,,,,實櫃,,,,,,,,,,,,,,,,,,,,,,,,,,,,,,空櫃,,,,,,,,,,,,,,,,,,,,,,,,,,,,,
,港口別,港口別總計,,,,,基隆港,,,,,高雄港,,,,,臺中港,,,,,臺北港,,,,,安平港,,,,,港口別總計,,,,,基隆港,,,,,高雄港,,,,,臺中港,,,,,臺北港,,,,,安平港,,,,,港口別總計,,,,,基隆港,,,,,高雄港,,,,,臺中港,,,,,臺北港,,,,,安平港,,,,
,貨櫃類型別,貨櫃類型別總計,10呎,20呎,40呎,45呎,貨櫃類型別總計,10呎,20呎,40呎,45呎,貨櫃類型別總計,10呎,20呎,40呎,45呎,貨櫃類型別總計,10呎,20呎,40呎,45呎,貨櫃類型別總計,10呎,20呎,40呎,45呎,貨櫃類型別總計,10呎,20呎,40呎,45呎,貨櫃類型別總計,10呎,20呎,40呎,45呎,貨櫃類型別總計,10呎,20呎,40呎,45呎,貨櫃類型別總計,10呎,20呎,40呎,45呎,貨櫃類型別總計,10呎,20呎,40呎,45呎,貨櫃類型別總計,10呎,20呎,40呎,45呎,貨櫃類型別總計,10呎,20呎,40呎,45呎,貨櫃類型別總計,10呎,20呎,40呎,45呎,貨櫃類型別總計,10呎,20呎,40呎,45呎,貨櫃類型別總計,10呎,20呎,40呎,45呎,貨櫃類型別總計,10呎,20呎,40呎,45呎,貨櫃類型別總計,10呎,20呎,40呎,45呎,貨櫃類型別總計,10呎,20呎,40呎,45呎
日期,,,,,,,,,,,,,,,,,,,,,,,,,,,,,,,,,,,,,,,,,,,,,,,,,,,,,,,,,,,,,,,,,,,,,,,,,,,,,,,,,,,,,,,,,,,
110年,,9930606,23,4412626,5493611,24346,1013591,-,426108,586212,1271,6349653,23,2839552,3491202,18876,1301263,-,623555,676414,1294,1265900,-,523394,739601,2905,199,-,17,182,-,8492283,18,3779020,4701221,12024,810134,-,358465,451131,538,5524205,18,2444214,3070458,9515,1081177,-,518750,561707,720,1076576,-,457574,617751,1251,191,-,17,174,-,1438323,5,633606,792390,12322,203457,-,67643,135081,733,825448,5,395338,420744,9361,220086,-,104805,114707,574,189324,-,65820,121850,1654,8,-,-,8,-
110年01月,,849643,1,391054,455977,2611,86119,-,35489,50456,174,540067,1,247522,290579,1965,115116,-,58182,56782,152,108341,-,49861,58160,320,-,-,-,-,-,720707,1,332319,387188,1199,69962,-,30716,39148,98,467293,1,212441,253922,929,94701,-,46892,47733,76,88751,-,42270,46385,96,-,-,-,-,-,128936,-,58735,68789,1412,16157,-,4773,11308,76,72774,-,35081,36657,1036,20415,-,11290,9049,76,19590,-,7591,11775,224,-,-,-,-,-
110年02月,,728319,-,338967,386969,2383,64653,-,27924,36614,115,480030,-,221961,256354,1715,90021,-,44525,45379,117,93615,-,44557,48622,436,-,-,-,-,-,615315,-,280997,333228,1090,50867,-,23221,27600,46,410589,-,184367,225309,913,75142,-,36441,38644,57,78717,-,36968,41675,74,-,-,-,-,-,113004,-,57970,53741,1293,13786,-,4703,9014,69,69441,-,37594,31045,802,14879,-,8084,6735,60,14898,-,7589,6947,362,-,-,-,-,-
110年03月,,867693,-,392753,472629,2311,86157,-,37852,48169,136,557530,-,250981,304899,1650,112665,-,55523,57013,129,111341,-,48397,62548,396,-,-,-,-,-,741887,-,339928,400738,1221,71592,-,32331,39208,53,481483,-,217363,263177,943,93160,-,46223,46851,86,95652,-,44011,51502,139,-,-,-,-,-,125806,-,52825,71891,1090,14565,-,5521,8961,83,76047,-,33618,41722,707,19505,-,9300,10162,43,15689,-,4386,11046,257,-,-,-,-,-
110年04月,,841283,4,379158,459933,2188,85899,-,36282,49507,110,531399,4,241994,287788,1613,110133,-,53792,56179,162,113852,-,47090,66459,303,-,-,-,-,-,717723,4,325547,391096,1076,69029,-,30364,38634,31,461096,4,209108,251109,875,91280,-,44274,46941,65,96318,-,41801,54412,105,-,-,-,-,-,123560,-,53611,68837,1112,16870,-,5918,10873,79,70303,-,32886,36679,738,18853,-,9518,9238,97,17534,-,5289,12047,198,-,-,-,-,-
110年05月,,864584,4,388566,473057,2957,88607,-,36170,52188,249,548969,4,249202,297455,2308,112855,-,53947,58734,174,114146,-,49240,64680,226,7,-,7,-,-,742807,2,330219,411427,1159,72098,-,31505,40504,89,477212,2,211186,265194,830,94733,-,45027,49601,105,98757,-,42494,56128,135,7,-,7,-,-,121777,2,58347,61630,1798,16509,-,4665,11684,160,71757,2,38016,32261,1478,18122,-,8920,9133,69,15389,-,6746,8552,91,-,-,-,-,-
110年06月,,835596,-,370239,462997,2360,80468,-,33936,46496,36,539915,-,241117,296749,2049,106363,-,50458,55818,87,108850,-,44728,63934,188,-,-,-,-,-,704730,-,311582,391790,1358,62228,-,27744,34454,30,464282,-,204029,259137,1116,87138,-,41535,45527,76,91082,-,38274,52672,136,-,-,-,-,-,130866,-,58657,71207,1002,18240,-,6192,12042,6,75633,-,37088,37612,933,19225,-,8923,10291,11,17768,-,6454,11262,52,-,-,-,-,-
110年07月,,836322,2,369563,464791,1966,81773,-,35061,46622,90,538056,2,241438,295019,1597,109887,-,51181,58578,128,106606,-,41883,64572,151,-,-,-,-,-,720934,2,319421,400621,890,65202,-,29609,35557,36,470756,2,207841,262237,676,93061,-,44038,48951,72,91915,-,37933,53876,106,-,-,-,-,-,115388,-,50142,64170,1076,16571,-,5452,11065,54,67300,-,33597,32782,921,16826,-,7143,9627,56,14691,-,3950,10696,45,-,-,-,-,-
110年08月,,834253,3,365045,467366,1839,89133,-,37001,52062,70,533350,3,235428,296320,1599,114222,-,55028,59132,62,97530,-,37588,59834,108,18,-,-,18,-,720948,2,314762,404997,1187,71259,-,31358,39839,62,468718,2,203408,264322,986,95325,-,45550,49734,41,85628,-,34446,51084,98,18,-,-,18,-,113305,1,50283,62369,652,17874,-,5643,12223,8,64632,1,32020,31998,613,18897,-,9478,9398,21,11902,-,3142,8750,10,-,-,-,-,-
110年09月,,809513,1,349053,459001,1458,84120,-,35604,48439,77,515119,1,221325,292609,1184,101855,-,47931,53835,89,108401,-,44193,64100,108,18,-,-,18,-,696351,1,303170,392314,866,66116,-,29542,36544,30,452093,1,194822,256554,716,85312,-,40734,44538,40,92812,-,38072,54660,80,18,-,-,18,-,113162,-,45883,66687,592,18004,-,6062,11895,47,63026,-,26503,36055,468,16543,-,7197,9297,49,15589,-,6121,9440,28,-,-,-,-,-
110年10月,,812367,3,356844,454429,1091,79477,-,33190,46257,30,520897,3,232007,287987,900,111642,-,52069,59490,83,100347,-,39578,60691,78,4,-,-,4,-,693343,1,308073,384599,670,63383,-,27638,35720,25,454484,1,201760,252186,537,90624,-,43219,47368,37,84848,-,35456,49321,71,4,-,-,4,-,119024,2,48771,69830,421,16094,-,5552,10537,5,66413,2,30247,35801,363,21018,-,8850,12122,46,15499,-,4122,11370,7,-,-,-,-,-
110年11月,,825072,5,353742,469485,1840,91109,-,38072,52920,117,527550,5,229629,296655,1261,104171,-,48554,55560,57,102210,-,37487,64318,405,32,-,-,32,-,701993,5,302154,399094,740,73552,-,32407,41120,25,455469,5,196475,258428,561,87448,-,40940,46477,31,85492,-,32332,53037,123,32,-,-,32,-,123079,-,51588,70391,1100,17557,-,5665,11800,92,72081,-,33154,38227,700,16723,-,7614,9083,26,16718,-,5155,11281,282,-,-,-,-,-
110年12月,,825961,-,357642,466977,1342,96076,-,39527,56482,67,516771,-,226948,288788,1035,112333,-,52365,59914,54,100661,-,38792,61683,186,120,-,10,110,-,715545,-,310848,404129,568,74846,-,32030,42803,13,460730,-,201414,258883,433,93253,-,43877,49342,34,86604,-,33517,52999,88,112,-,10,102,-,110416,-,46794,62848,774,21230,-,7497,13679,54,56041,-,25534,29905,602,19080,-,8488,10572,20,14057,-,5275,8684,98,8,-,-,8,-
111年,,9330576,27,3973026,5342681,14842,1016132,-,409748,605623,761,6046245,27,2603746,3430826,11646,1164118,-,543033,620437,648,1102695,-,415839,685069,1787,1386,-,660,726,-,7892436,19,3359350,4525892,7175,789213,-,331989,456873,351,5236065,19,2218509,3011809,5728,961843,-,454192,507304,347,904328,-,354237,549342,749,987,-,423,564,-,1438140,8,613676,816789,7667,226919,-,77759,148750,410,810180,8,385237,419017,5918,202275,-,88841,113133,301,198367,-,61602,135727,1038,399,-,237,162,-
111年01月,,806816,1,341049,464608,1158,89298,-,36855,52396,47,525823,1,224553,300301,968,100804,-,45415,55348,41,90891,-,34226,56563,102,-,-,-,-,-,685389,1,287996,396817,575,67024,-,28587,38413,24,458235,1,191335,266461,438,82225,-,37917,44282,26,77905,-,30157,47661,87,-,-,-,-,-,121427,-,53053,67791,583,22274,-,8268,13983,23,67588,-,33218,33840,530,18579,-,7498,11066,15,12986,-,4069,8902,15,-,-,-,-,-
111年02月,,690738,2,293181,396127,1428,66762,-,27879,38753,130,455207,2,194242,259874,1089,88074,-,41006,47017,51,80611,-,30034,50419,158,84,-,20,64,-,594644,2,254207,339965,470,53161,-,22512,30617,32,396191,2,168829,227016,344,75855,-,35987,39837,31,69378,-,26859,42456,63,59,-,20,39,-,96094,-,38974,56162,958,13601,-,5367,8136,98,59016,-,25413,32858,745,12219,-,5019,7180,20,11233,-,3175,7963,95,25,-,-,25,-
111年03月,,845251,-,365908,478008,1335,88343,-,36829,51437,77,551155,-,240750,309344,1061,111692,-,53164,58451,77,93880,-,35050,58710,120,181,-,115,66,-,718780,-,309305,408787,688,70930,-,30789,40112,29,480516,-,204040,275939,537,89722,-,42791,46889,42,77449,-,31588,45781,80,163,-,97,66,-,126471,-,56603,69221,647,17413,-,6040,11325,48,70639,-,36710,33405,524,21970,-,10373,11562,35,16431,-,3462,12929,40,18,-,18,-,-
111年04月,,800951,1,341801,457841,1308,83716,-,33954,49711,51,514500,1,220984,292553,962,102373,-,48813,53466,94,100319,-,38050,62068,201,43,-,-,43,-,680528,1,289057,390821,649,66565,-,28251,38287,27,446978,1,188355,258134,488,83148,-,39776,43337,35,83804,-,32675,51030,99,33,-,-,33,-,120423,-,52744,67020,659,17151,-,5703,11424,24,67522,-,32629,34419,474,19225,-,9037,10129,59,16515,-,5375,11038,102,10,-,-,10,-
111年05月,,800242,1,342963,456003,1275,87897,-,35890,51970,37,507235,1,218295,287899,1040,105306,-,49550,55693,63,99704,-,39187,60382,135,100,-,41,59,-,678808,1,292775,385360,672,68970,-,29429,39519,22,439770,1,188490,250724,555,87785,-,41825,45940,20,82194,-,32992,49127,75,89,-,39,50,-,121434,-,50188,70643,603,18927,-,6461,12451,15,67465,-,29805,37175,485,17521,-,7725,9753,43,17510,-,6195,11255,60,11,-,2,9,-
111年06月,,834231,2,347642,485322,1265,92492,-,37611,54835,46,549069,2,226752,321306,1009,100866,-,46896,53928,42,91736,-,36344,55224,168,68,-,39,29,-,710031,2,296048,413346,635,71849,-,30809,41014,26,478376,2,195293,282553,528,83609,-,39247,44340,22,76168,-,30699,45410,59,29,-,-,29,-,124200,-,51594,71976,630,20643,-,6802,13821,20,70693,-,31459,38753,481,17257,-,7649,9588,20,15568,-,5645,9814,109,39,-,39,-,-
111年07月,,827423,3,347624,478514,1282,95253,-,38009,57203,41,534649,3,225221,308422,1003,100240,-,46973,53248,19,97180,-,37374,59587,219,101,-,47,54,-,699851,1,296256,402946,648,71808,-,30244,41542,22,462290,1,193859,267859,571,86245,-,40564,45665,16,79434,-,31543,47852,39,74,-,46,28,-,127572,2,51368,75568,634,23445,-,7765,15661,19,72359,2,31362,40563,432,13995,-,6409,7583,3,17746,-,5831,11735,180,27,-,1,26,-
111年08月,,786066,1,331390,453412,1263,87514,-,34694,52748,72,511498,1,222057,288367,1073,95311,-,42284,52984,43,91568,-,32283,59210,75,175,-,72,103,-,655631,1,277165,377803,662,66377,-,28115,38220,42,438441,1,184899,253009,532,80115,-,36428,43650,37,70569,-,27687,42831,51,129,-,36,93,-,130435,-,54225,75609,601,21137,-,6579,14528,30,73057,-,37158,35358,541,15196,-,5856,9334,6,20999,-,4596,16379,24,46,-,36,10,-
111年09月,,704781,3,298240,405438,1100,76174,-,29918,46187,69,461190,3,197934,262359,894,84685,-,39088,45552,45,82560,-,31200,51268,92,172,-,100,72,-,589408,2,248745,340034,627,60219,-,25046,35136,37,396954,2,166506,229936,510,67955,-,32169,35757,29,64202,-,24988,39163,51,78,-,36,42,-,115373,1,49495,65404,473,15955,-,4872,11051,32,64236,1,31428,32423,384,16730,-,6919,9795,16,18358,-,6212,12105,41,94,-,64,30,-
111年10月,,724672,5,317512,405977,1178,78451,-,31068,47301,82,472642,5,210855,260891,891,85092,-,41374,43682,36,88423,-,34179,54075,169,64,-,36,28,-,610957,3,269018,341460,476,61219,-,25321,35870,28,410475,3,181708,228373,391,68688,-,34150,34523,15,70531,-,27803,42686,42,44,-,36,8,-,113715,2,48494,64517,702,17232,-,5747,11431,54,62167,2,29147,32518,500,16404,-,7224,9159,21,17892,-,6376,11389,127,20,-,-,20,-
111年11月,,757512,1,324691,431761,1059,84376,-,32724,51611,41,479703,1,211186,267771,745,97733,-,46281,51379,73,95537,-,34403,60934,200,163,-,97,66,-,633180,1,271419,361237,523,65813,-,26487,39305,21,410303,1,177900,232009,393,79468,-,37762,41667,39,77489,-,29229,48190,70,107,-,41,66,-,124332,-,53272,70524,536,18563,-,6237,12306,20,69400,-,33286,35762,352,18265,-,8519,9712,34,18048,-,5174,12744,130,56,-,56,-,-
111年12月,,751893,7,321025,429670,1191,85856,-,34317,51471,68,483574,7,210917,271739,911,91942,-,42189,49689,64,90286,-,33509,56629,148,235,-,93,142,-,635229,4,267359,367316,550,65278,-,26399,38838,41,417536,4,177295,239796,441,77028,-,35576,41417,35,75205,-,28017,47155,33,182,-,72,110,-,116664,3,53666,62354,641,20578,-,7918,12633,27,66038,3,33622,31943,470,14914,-,6613,8272,29,15081,-,5492,9474,115,53,-,21,32,-
112年,,8628751,27,3664100,4950119,14505,959893,-,386908,572012,973,5620684,27,2410175,3199772,10710,1044117,-,478264,564938,915,1002476,-,387715,612854,1907,1581,-,1038,543,-,7340188,18,3118071,4214312,7787,736789,-,310342,425940,507,4868445,18,2057119,2805260,6048,878205,-,406882,470772,551,855897,-,343188,512028,681,852,-,540,312,-,1288563,9,546029,735807,6718,223104,-,76566,146072,466,752239,9,353056,394512,4662,165912,-,71382,94166,364,146579,-,44527,100826,1226,729,-,498,231,-
112年01月,,667117,1,280176,385889,1051,66674,-,26195,40443,36,440031,1,188813,250375,842,75009,-,35690,39265,54,85194,-,29334,55741,119,209,-,144,65,-,552255,1,231446,320250,558,49447,-,19997,29416,34,375293,1,157872,216994,426,60479,-,28960,31481,38,66904,-,24545,42299,60,132,-,72,60,-,114862,-,48730,65639,493,17227,-,6198,11027,2,64738,-,30941,33381,416,14530,-,6730,7784,16,18290,-,4789,13442,59,77,-,72,5,-
112年02月,,659071,3,290185,368175,708,69521,-,29459,40038,24,419508,3,190381,228706,418,83999,-,39786,44119,94,85947,-,30487,55288,172,96,-,72,24,-,557928,3,245709,311855,361,56560,-,24693,31844,23,361397,3,161097,200052,245,69555,-,33244,36265,46,70368,-,26639,43682,47,48,-,36,12,-,101143,-,44476,56320,347,12961,-,4766,8194,1,58111,-,29284,28654,173,14444,-,6542,7854,48,15579,-,3848,11606,125,48,-,36,12,-
112年03月,,765652,2,330601,433830,1219,85050,-,34284,50694,72,494560,2,217726,275958,874,92138,-,43929,48089,120,93674,-,34522,58999,153,230,-,140,90,-,649875,2,277064,372090,719,65468,-,27452,37994,22,427679,2,182717,244406,554,77487,-,36708,40711,68,79119,-,30114,48930,75,122,-,73,49,-,115777,-,53537,61740,500,19582,-,6832,12700,50,66881,-,35009,31552,320,14651,-,7221,7378,52,14555,-,4408,10069,78,108,-,67,41,-
112年04月,,718966,4,310475,407338,1149,82677,-,34398,48261,18,458963,4,202348,255845,766,85019,-,39587,45360,72,92053,-,33926,57834,293,254,-,216,38,-,612417,4,260644,351188,581,64616,-,27611,36994,11,397406,4,170419,226535,448,72728,-,34379,38307,42,77551,-,28127,49344,80,116,-,108,8,-,106549,-,49831,56150,568,18061,-,6787,11267,7,61557,-,31929,29310,318,12291,-,5208,7053,30,14502,-,5799,8490,213,138,-,108,30,-
112年05月,,763259,2,316461,445414,1382,83358,-,32583,50716,59,499799,2,211603,287263,931,87113,-,40085,46939,89,92864,-,32118,60443,303,125,-,72,53,-,650720,-,266333,383582,805,64777,-,25942,38780,55,434367,-,178814,254931,622,72976,-,33825,39095,56,78549,-,27716,50761,72,51,-,36,15,-,112539,2,50128,61832,577,18581,-,6641,11936,4,65432,2,32789,32332,309,14137,-,6260,7844,33,14315,-,4402,9682,231,74,-,36,38,-
112年06月,,703496,3,295025,407352,1116,78364,-,32274,46024,66,460071,3,196394,262873,801,83462,-,36223,47140,99,81420,-,29955,51315,150,179,-,179,-,-,605949,2,256077,349086,784,60797,-,26255,34502,40,403544,2,170557,232389,596,72116,-,32412,39645,59,69385,-,26746,42550,89,107,-,107,-,-,97547,1,38948,58266,332,17567,-,6019,11522,26,56527,1,25837,30484,205,11346,-,3811,7495,40,12035,-,3209,8765,61,72,-,72,-,-
112年07月,,692730,4,294834,396744,1148,82736,-,33895,48781,60,439188,4,188578,249690,916,85977,-,38852,47061,64,84789,-,33509,51172,108,40,-,-,40,-,591440,2,254697,336073,668,62777,-,26601,36135,41,384965,2,165324,219112,527,72364,-,33282,39039,43,71294,-,29490,41747,57,40,-,-,40,-,101290,2,40137,60671,480,19959,-,7294,12646,19,54223,2,23254,30578,389,13613,-,5570,8022,21,13495,-,4019,9425,51,-,-,-,-,-
112年08月,,741029,3,313678,425937,1411,81584,-,32659,48797,128,486475,3,206079,279356,1037,92708,-,42566,50077,65,80097,-,32267,47649,181,165,-,107,58,-,632644,1,268633,363242,768,63248,-,26665,36516,67,420037,1,175965,243462,609,78289,-,36159,42097,33,71018,-,29808,41151,59,52,-,36,16,-,108385,2,45045,62695,643,18336,-,5994,12281,61,66438,2,30114,35894,428,14419,-,6407,7980,32,9079,-,2459,6498,122,113,-,71,42,-
112年09月,,739038,1,311769,426137,1131,79883,-,31572,48245,66,495525,1,206756,287835,933,88732,-,40081,48609,42,74828,-,33324,41414,90,70,-,36,34,-,632943,1,268072,364235,635,60518,-,25393,35090,35,429285,1,178096,250655,533,75689,-,34712,40946,31,67399,-,29835,37528,36,52,-,36,16,-,106095,-,43697,61902,496,19365,-,6179,13155,31,66240,-,28660,37180,400,13043,-,5369,7663,11,7429,-,3489,3886,54,18,-,-,18,-
112年10月,,712296,3,301339,409573,1381,79096,-,31611,47404,81,471109,3,199028,271009,1069,86380,-,38111,48184,85,75612,-,32553,42913,146,99,-,36,63,-,607468,1,257254,349620,593,59900,-,25357,34509,34,408034,1,169593,237968,472,73051,-,32758,40252,41,66444,-,29546,36852,46,39,-,-,39,-,104828,2,44085,59953,788,19196,-,6254,12895,47,63075,2,29435,33041,597,13329,-,5353,7932,44,9168,-,3007,6061,100,60,-,36,24,-
112年11月,,722601,1,306272,414972,1356,83352,-,33457,49754,141,471115,1,200036,270000,1078,90393,-,40371,49949,73,77688,-,32408,45216,64,53,-,-,53,-,613007,1,261955,350373,678,63110,-,26805,36231,74,407405,1,171462,235412,530,74385,-,33794,40542,49,68062,-,29894,38143,25,45,-,-,45,-,109594,-,44317,64599,678,20242,-,6652,13523,67,63710,-,28574,34588,548,16008,-,6577,9407,24,9626,-,2514,7073,39,8,-,-,8,-
112年12月,,743496,-,313285,428758,1453,87598,-,34521,52855,222,484340,-,202433,280862,1045,93187,-,42983,50146,58,78310,-,33312,44870,128,61,-,36,25,-,633542,-,270187,362718,637,65571,-,27571,37929,71,419033,-,175203,243344,486,79086,-,36649,42392,45,69804,-,30728,39041,35,48,-,36,12,-,109954,-,43098,66040,816,22027,-,6950,14926,151,65307,-,27230,37518,559,14101,-,6334,7754,13,8506,-,2584,5829,93,13,-,-,13,-
113年,,8781179,24,3633130,5131776,16249,1028778,-,407936,619729,1113,5797422,24,2369773,3414078,13547,1043825,-,474375,568662,788,909962,-,380318,528843,801,1192,-,728,464,-,7420321,15,3119337,4293514,7455,766013,-,322464,442870,679,4970632,15,2035039,2929733,5845,882145,-,414110,467554,481,800920,-,347412,453058,450,611,-,312,299,-,1360858,9,513793,838262,8794,262765,-,85472,176859,434,826790,9,334734,484345,7702,161680,-,60265,101108,307,109042,-,32906,75785,351,581,-,416,165,-
113年01月,,734112,3,305381,427306,1422,89606,-,33787,55705,114,471095,3,195351,274688,1053,93004,-,41822,51063,119,80338,-,34385,45817,136,69,-,36,33,-,620883,2,263085,357173,623,67386,-,27845,39467,74,402363,2,166836,235074,451,80260,-,36722,43481,57,70859,-,31682,39136,41,15,-,-,15,-,113229,1,42296,70133,799,22220,-,5942,16238,40,68732,1,28515,39614,602,12744,-,5100,7582,62,9479,-,2703,6681,95,54,-,36,18,-
113年02月,,624017,1,260619,362426,971,59773,-,24357,35340,76,431898,1,176855,254254,788,71127,-,31960,39091,76,61057,-,27371,33655,31,162,-,76,86,-,530611,1,222928,307153,529,44253,-,18414,25781,58,373920,1,153392,220125,402,58812,-,26850,31924,38,53540,-,24232,29277,31,86,-,40,46,-,93406,-,37691,55273,442,15520,-,5943,9559,18,57978,-,23463,34129,386,12315,-,5110,7167,38,7517,-,3139,4378,-,76,-,36,40,-
113年03月,,777074,1,327367,447892,1814,84317,-,34302,49940,75,516702,1,215936,299197,1568,98351,-,44201,54063,87,77647,-,32888,44675,84,57,-,40,17,-,668531,1,288568,379154,808,65236,-,28661,36520,55,452429,1,190705,261087,636,83437,-,39516,43863,58,67420,-,29686,37675,59,9,-,-,9,-,108543,-,38799,68738,1006,19081,-,5641,13420,20,64273,-,25231,38110,932,14914,-,4685,10200,29,10227,-,3202,7000,25,48,-,40,8,-
113年04月,,723195,3,305019,417172,1001,87114,-,35135,51929,50,477780,3,199031,277912,834,87114,-,40663,46379,72,71162,-,30190,40927,45,25,-,-,25,-,618983,3,261452,356978,550,65710,-,27986,37679,45,417573,3,171236,245925,409,74589,-,35471,39065,53,61099,-,26759,34297,43,12,-,-,12,-,104212,-,43567,60194,451,21404,-,7149,14250,5,60207,-,27795,31987,425,12525,-,5192,7314,19,10063,-,3431,6630,2,13,-,-,13,-
113年05月,,756781,4,313547,441149,2081,91300,-,36730,54491,79,499762,4,203845,294017,1896,88691,-,41003,47626,62,76990,-,31969,44977,44,38,-,-,38,-,642383,2,268254,373356,771,66534,-,27944,38540,50,430910,2,174030,256223,655,76190,-,36591,39572,27,68711,-,29689,38983,39,38,-,-,38,-,114398,2,45293,67793,1310,24766,-,8786,15951,29,68852,2,29815,37794,1241,12501,-,4412,8054,35,8279,-,2280,5994,5,-,-,-,-,-
113年06月,,776706,2,324235,451128,1341,91581,-,36452,55024,105,514426,2,214039,299248,1137,92940,-,40401,52494,45,77711,-,33343,44314,54,48,-,-,48,-,655778,1,274140,381009,628,66605,-,28348,38183,74,439045,1,178464,260094,486,80336,-,36842,43453,41,69767,-,30486,39254,27,25,-,-,25,-,120928,1,50095,70119,713,24976,-,8104,16841,31,75381,1,35575,39154,651,12604,-,3559,9041,4,7944,-,2857,5060,27,23,-,-,23,-
113年07月,,700857,-,294236,405406,1215,86196,-,34614,51507,75,453943,-,188621,264292,1030,87729,-,39616,48066,47,72965,-,31385,41517,63,24,-,-,24,-,588953,-,252009,336352,592,62912,-,26540,36329,43,388856,-,163723,224654,479,72347,-,33629,38690,28,64825,-,28117,36666,42,13,-,-,13,-,111904,-,42227,69054,623,23284,-,8074,15178,32,65087,-,24898,39638,551,15382,-,5987,9376,19,8140,-,3268,4851,21,11,-,-,11,-
113年08月,,794441,-,327877,465231,1333,93315,-,37318,55917,80,528652,-,214679,312855,1118,88954,-,41390,47495,69,83343,-,34328,48949,66,177,-,162,15,-,671140,-,282122,388360,658,69647,-,28864,40720,63,450598,-,184998,265086,514,75012,-,35642,39321,49,75760,-,32510,43218,32,123,-,108,15,-,123301,-,45755,76871,675,23668,-,8454,15197,17,78054,-,29681,47769,604,13942,-,5748,8174,20,7583,-,1818,5731,34,54,-,54,-,-
113年09月,,710061,4,293340,415641,1076,83056,-,32657,50309,90,475204,4,193133,281153,914,79262,-,37974,41242,46,72383,-,29468,42889,26,156,-,108,48,-,596060,2,251099,344435,524,61796,-,25953,35782,61,404021,2,166434,237177,408,65595,-,31691,33875,29,64558,-,26967,37565,26,90,-,54,36,-,114001,2,42241,71206,552,21260,-,6704,14527,29,71183,2,26699,43976,506,13667,-,6283,7367,17,7825,-,2501,5324,-,66,-,54,12,-
113年10月,,654896,-,265264,388243,1389,77771,-,30717,46946,108,433346,-,172724,259446,1176,74455,-,34256,40154,45,69312,-,27567,41685,60,12,-,-,12,-,554784,-,228590,325693,501,59119,-,24331,34738,50,372547,-,149145,223027,375,62595,-,29688,32878,29,60511,-,25426,35038,47,12,-,-,12,-,100112,-,36674,62550,888,18652,-,6386,12208,58,60799,-,23579,36419,801,11860,-,4568,7276,16,8801,-,2141,6647,13,-,-,-,-,-
113年11月,,740362,4,301510,437700,1148,89971,-,35067,54767,137,478217,4,193163,284225,825,88461,-,39408,48996,57,83588,-,33782,49677,129,125,-,90,35,-,617038,2,259000,357527,509,66979,-,28308,38609,62,403677,2,164046,239250,379,74191,-,34991,39167,33,72171,-,31655,40481,35,20,-,-,20,-,123324,2,42510,80173,639,22992,-,6759,16158,75,74540,2,29117,44975,446,14270,-,4417,9829,24,11417,-,2127,9196,94,105,-,90,15,-
113年12月,,788677,2,314735,472482,1458,94778,-,36800,57854,124,516397,2,202396,312791,1208,93737,-,41681,51993,63,83466,-,33642,49761,63,299,-,216,83,-,655177,1,268090,386324,762,69836,-,29270,40522,44,434693,1,172030,262011,651,78781,-,36477,42265,39,71699,-,30203,41468,28,168,-,110,58,-,133500,1,46645,86158,696,24942,-,7530,17332,80,81704,1,30366,50780,557,14956,-,5204,9728,24,11767,-,3439,8293,35,131,-,106,25,-
114年,,8486944,30,3431921,5038235,16758,997822,-,392333,604478,1011,5547970,29,2212742,3324398,10801,1025688,-,460830,563997,861,914003,1,365368,544549,4085,1457,-,644,813,-,7032318,17,2912151,4113366,6784,728432,-,303163,424728,541,4647156,16,1879456,2762567,5117,869807,-,403372,465896,539,786150,1,325876,459686,587,769,-,280,489,-,1454626,13,519770,924869,9974,269390,-,89170,179750,470,900814,13,333286,561831,5684,155881,-,57458,98101,322,127853,-,39492,84863,3498,688,-,364,324,-
114年01月,,718919,3,281332,436437,1147,79841,-,30889,48869,83,483269,2,186071,296226,970,81738,-,34404,47282,52,73889,1,29852,43994,42,182,-,116,66,-,596429,2,238748,357086,593,56424,-,22968,33406,50,406931,1,158920,247545,465,68491,-,30148,38307,36,64475,1,26653,37779,42,108,-,59,49,-,122490,1,42584,79351,554,23417,-,7921,15463,33,76338,1,27151,48681,505,13247,-,4256,8975,16,9414,-,3199,6215,-,74,-,57,17,-
114年02月,,632765,2,258572,373021,1170,65172,-,25373,39712,87,434902,2,176705,257300,895,69804,-,31299,38454,51,62557,-,24991,37429,137,330,-,204,126,-,518047,1,215753,301840,453,49407,-,20870,28485,52,354890,1,144364,210176,349,60706,-,28376,32300,30,52927,-,22089,30816,22,117,-,54,63,-,114718,1,42819,71181,717,15765,-,4503,11227,35,80012,1,32341,47124,546,9098,-,2923,6154,21,9630,-,2902,6613,115,213,-,150,63,-
114年03月,,757137,2,314265,441194,1676,85551,-,35036,50452,63,498255,2,204938,292058,1257,91132,-,41987,49042,103,82041,-,32201,49587,253,158,-,103,55,-,628504,1,266674,361199,630,62850,-,27159,35655,36,415513,1,173450,241588,474,78776,-,36489,42217,70,71273,-,29520,41703,50,92,-,56,36,-,128633,1,47591,79995,1046,22701,-,7877,14797,27,82742,1,31488,50470,783,12356,-,5498,6825,33,10768,-,2681,7884,203,66,-,47,19,-
114年04月,,714623,2,299424,413639,1558,86796,-,34596,52069,131,464740,2,193557,270289,892,86529,-,39003,47460,66,76332,-,32050,43813,469,226,-,218,8,-,585335,1,251809,332947,578,63428,-,26716,36647,65,384619,1,162862,221324,432,72401,-,34286,38065,50,64777,-,27835,36911,31,110,-,110,-,-,129288,1,47615,80692,980,23368,-,7880,15422,66,80121,1,30695,48965,460,14128,-,4717,9395,16,11555,-,4215,6902,438,116,-,108,8,-
114年05月,,741615,2,307524,432052,2037,87232,-,33231,53911,90,479374,2,198364,279786,1222,93157,-,42910,50161,86,81792,-,33019,48134,639,60,-,-,60,-,613298,1,261196,351416,685,62443,-,25889,36486,68,404662,1,168984,235168,509,77811,-,37907,39848,56,68373,-,28416,39905,52,9,-,-,9,-,128317,1,46328,80636,1352,24789,-,7342,17425,22,74712,1,29380,44618,713,15346,-,5003,10313,30,13419,-,4603,8229,587,51,-,-,51,-
114年06月,,725027,6,290469,433014,1538,85430,-,34115,51217,98,469335,6,184804,283677,848,89727,-,40186,49459,82,80514,-,31364,48640,510,21,-,-,21,-,600797,3,243540,356491,763,61434,-,25767,35608,59,394313,3,154333,239416,561,76224,-,35458,40709,57,68810,-,27982,40742,86,16,-,-,16,-,124230,3,46929,76523,775,23996,-,8348,15609,39,75022,3,30471,44261,287,13503,-,4728,8750,25,11704,-,3382,7898,424,5,-,-,5,-
114年07月,,700389,2,280883,418303,1201,84952,-,33977,50896,79,454856,2,178582,275598,674,83625,-,38095,45457,73,76939,-,30228,46336,375,17,-,1,16,-,583312,1,240581,342163,567,61794,-,26296,35467,31,386115,1,154164,231541,409,69778,-,32784,36937,57,65608,-,27336,38202,70,17,-,1,16,-,117077,1,40302,76140,634,23158,-,7681,15429,48,68741,1,24418,44057,265,13847,-,5311,8520,16,11331,-,2892,8134,305,-,-,-,-,-
114年08月,,729728,4,300665,427793,1266,86698,-,34313,52269,116,478654,4,194891,282891,868,90368,-,41309,48991,68,73933,-,30151,43568,214,75,-,1,74,-,609212,2,256131,352529,550,63653,-,26085,37521,47,402717,2,166220,236081,414,77649,-,35967,41641,41,65137,-,27859,37230,48,56,-,-,56,-,120516,2,44534,75264,716,23045,-,8228,14748,69,75937,2,28671,46810,454,12719,-,5342,7350,27,8796,-,2292,6338,166,19,-,1,18,-
114年09月,,667554,-,270207,395926,1421,83964,-,32959,50907,98,434277,-,172896,260588,793,81632,-,36627,44962,43,67592,-,27721,39384,487,85,-,-,85,-,548033,-,230332,317297,404,60158,-,24821,35286,51,360157,-,148209,211652,296,69636,-,31914,37704,18,58015,-,25384,32592,39,63,-,-,63,-,119521,-,39875,78629,1017,23806,-,8138,15621,47,74120,-,24687,48936,497,11996,-,4713,7258,25,9577,-,2337,6792,448,22,-,-,22,-
114年10月,,669980,2,273983,394829,1166,76685,-,29265,47321,99,441812,2,179312,261773,725,80539,-,36729,43748,62,70804,-,28677,41847,280,140,-,-,140,-,558352,2,231853,326035,462,57903,-,23108,34765,30,369187,2,150864,217955,366,68705,-,31925,36749,31,62479,-,25956,36488,35,78,-,-,78,-,111628,-,42130,68794,704,18782,-,6157,12556,69,72625,-,28448,43818,359,11834,-,4804,6999,31,8325,-,2721,5359,245,62,-,-,62,-
114年11月,,676133,5,266807,408157,1164,85005,-,33432,51532,41,431534,5,165415,265391,723,83659,-,37849,45732,78,75870,-,30110,45438,322,65,-,1,64,-,564851,3,229601,334753,494,63174,-,26584,36563,27,365548,3,143922,221239,384,71241,-,32926,38282,33,64853,-,26169,38634,50,35,-,-,35,-,111282,2,37206,73404,670,21831,-,6848,14969,14,65986,2,21493,44152,339,12418,-,4923,7450,45,11017,-,3941,6804,272,30,-,1,29,-
114年12月,,753074,-,287790,463870,1414,90496,-,35147,55323,26,476962,-,177207,298821,934,93778,-,40432,53249,97,91740,-,35004,56379,357,98,-,-,98,-,626148,-,245933,379610,605,65764,-,26900,38839,25,402504,-,153164,248882,458,78389,-,35192,43137,60,79423,-,30677,48684,62,68,-,-,68,-,126926,-,41857,84260,809,24732,-,8247,16484,1,74458,-,24043,49939,476,15389,-,5240,10112,37,12317,-,4327,7695,295,30,-,-,30,-
115年(至04月),,2743768,11,1106427,1632484,4846,326771,-,127352,199152,267,1767400,11,706626,1057721,3042,325616,-,144685,180645,286,323812,-,127764,194797,1251,169,-,-,169,-,2274489,9,940206,1332023,2251,238529,-,96874,141490,165,1480002,9,600147,878202,1644,278511,-,128252,150085,174,277359,-,114933,162158,268,88,-,-,88,-,469279,2,166221,300461,2595,88242,-,30478,57662,102,287398,2,106479,179519,1398,47105,-,16433,30560,112,46453,-,12831,32639,983,81,-,-,81,-
115年01月,,730661,2,289658,439488,1513,90686,-,35094,55550,42,468441,2,183007,284467,965,86052,-,38496,47487,69,85389,-,33061,51891,437,93,-,-,93,-,603916,2,244225,359123,566,64364,-,25394,38939,31,392547,2,154407,237708,430,73760,-,34311,39415,34,73197,-,30113,43013,71,48,-,-,48,-,126745,-,45433,80365,947,26322,-,9700,16611,11,75894,-,28600,46759,535,12292,-,4185,8072,35,12192,-,2948,8878,366,45,-,-,45,-
115年02月,,586953,1,238136,347795,1021,66148,-,24939,41132,77,387161,1,157619,228855,686,65663,-,28389,37209,65,67952,-,27189,40570,193,29,-,-,29,-,487116,1,199480,287054,581,47181,-,19069,28061,51,325415,1,130982,194034,398,55223,-,24729,30449,45,59281,-,24700,34494,87,16,-,-,16,-,99837,-,38656,60741,440,18967,-,5870,13071,26,61746,-,26637,34821,288,10440,-,3660,6760,20,8671,-,2489,6076,106,13,-,-,13,-
115年03月,,738739,6,297524,439919,1290,82776,-,33250,49452,74,474331,6,188840,284622,863,89764,-,39158,50523,83,91832,-,36276,55286,270,36,-,-,36,-,611782,5,254228,356925,624,63521,-,26431,37050,40,393911,5,160833,232601,472,76705,-,35064,41590,51,77632,-,31900,45671,61,13,-,-,13,-,126957,1,43296,82994,666,19255,-,6819,12402,34,80420,1,28007,52021,391,13059,-,4094,8933,32,14200,-,4376,9615,209,23,-,-,23,-
115年04月,,687415,2,281109,405282,1022,87161,-,34069,53018,74,437467,2,177160,259777,528,84137,-,38642,45426,69,78639,-,31238,47050,351,11,-,-,11,-,571675,1,242273,328921,480,63463,-,25980,37440,43,368129,1,153925,213859,344,72823,-,34148,38631,44,67249,-,28220,38980,49,11,-,-,11,-,115740,1,38836,76361,542,23698,-,8089,15578,31,69338,1,23235,45918,184,11314,-,4494,6795,25,11390,-,3018,8070,302,-,-,-,-,-
單位：個,,,,,,,,,,,,,,,,,,,,,,,,,,,,,,,,,,,,,,,,,,,,,,,,,,,,,,,,,,,,,,,,,,,,,,,,,,,,,,,,,,,,,,,,,,,
"說明：
  1.總計含花蓮港、安平港及蘇澳港。
  2.國際商港貨櫃裝卸量統計自105年起包含國內航線貨櫃裝卸量。",,,,,,,,,,,,,,,,,,,,,,,,,,,,,,,,,,,,,,,,,,,,,,,,,,,,,,,,,,,,,,,,,,,,,,,,,,,,,,,,,,,,,,,,,,,
資料來源：臺灣港務股份有限公司。,,,,,,,,,,,,,,,,,,,,,,,,,,,,,,,,,,,,,,,,,,,,,,,,,,,,,,,,,,,,,,,,,,,,,,,,,,,,,,,,,,,,,,,,,,,
